#{"t_start": 1593543214.692579, "env_id": "widowx_reacher-v6"}
r,l,t
-2.590963,100,3.713729
-4.215425,100,3.752098
-3.50739,100,3.789993
-2.290808,100,3.828574
-3.445908,100,3.866437
-3.577189,100,3.904482
-1.415284,100,3.942428
-2.951807,100,3.98084
-3.379182,100,4.01891
-3.893907,100,4.056845
-2.167475,100,5.094462
-1.878698,100,5.549394
-1.303834,100,5.999379
-1.95506,100,6.45474
-1.203634,100,6.903511
-0.71486,100,7.335021
-0.77532,100,7.796578
-1.223308,100,8.246476
-0.66988,100,8.695958
-0.319499,100,9.150191
-0.455648,100,9.604875
-0.444918,100,10.054917
-0.455736,100,10.49661
-0.490264,100,10.938523
-0.440178,100,11.381839
-0.477139,100,11.837422
-0.480221,100,12.281281
-0.521965,100,12.733852
-0.496379,100,13.192615
-0.47799,100,13.649437
-0.519765,100,14.107675
-0.575712,100,14.543616
-0.488008,100,14.985169
-0.438379,100,15.4187
-1.602122,100,15.871994
-0.751589,100,16.333031
-0.528767,100,16.794158
-0.449815,100,17.257355
-0.462454,100,17.720086
-0.45952,100,18.182287
-0.44726,100,18.63837
-0.468404,100,19.095154
-0.428518,100,19.550652
-0.605149,100,20.00147
-0.491028,100,20.483206
-0.397009,100,20.926383
-1.375602,100,21.379411
-0.426201,100,21.856388
-0.346629,100,22.301379
-0.267714,100,22.738395
-1.468243,100,23.192796
-1.679878,100,23.637821
-0.781176,100,24.089627
-0.683797,100,24.563564
-0.418423,100,25.014496
-0.258015,100,25.497277
-0.304085,100,25.954725
-0.259566,100,26.417038
-0.214842,100,26.877941
-0.219042,100,27.336741
-0.236796,100,27.798213
-0.296231,100,28.256847
-0.405496,100,28.715951
-0.47777,100,29.166363
-0.521695,100,29.626143
-0.451247,100,30.084563
-0.355817,100,30.540231
-0.250218,100,30.984836
-0.225462,100,31.428683
-0.248873,100,31.875897
-0.293131,100,32.330066
-0.329125,100,32.794241
-0.280937,100,33.252871
-0.197915,100,33.72299
-0.273734,100,34.17269
-0.242723,100,34.63027
-0.27108,100,35.07979
-0.356006,100,35.527667
-0.648696,100,35.986845
-0.661185,100,36.444897
-0.865217,100,36.910787
-1.551658,100,37.367631
-1.681521,100,37.826795
-1.805296,100,38.291821
-1.134157,100,38.743834
-2.405147,100,39.201617
-2.55664,100,39.66228
-1.699784,100,40.129214
-1.688172,100,40.577952
-1.415982,100,41.040275
-1.658566,100,41.502665
-1.937884,100,41.970948
-1.794568,100,42.439805
-1.907444,100,42.936554
-1.328774,100,43.413979
-1.094275,100,43.862067
-1.540601,100,44.318898
-2.0827,100,44.780044
-1.547822,100,45.245087
-0.949743,100,45.706547
-1.020339,100,46.507691
-0.79336,100,46.966012
-0.547225,100,47.424934
-0.879478,100,47.884385
-0.676692,100,48.344192
-2.77647,100,48.798203
-2.675371,100,49.264532
-2.796522,100,49.726354
-3.116395,100,50.204846
-2.733749,100,50.685293
-3.081841,100,51.150609
-3.045023,100,51.606429
-3.111313,100,52.086086
-2.749248,100,52.543721
-2.864678,100,52.997113
-2.425939,100,53.456991
-0.740604,100,53.936198
-0.602442,100,54.406761
-0.430033,100,54.865937
-0.414562,100,55.317061
-0.334468,100,55.76233
-0.362073,100,56.213737
-0.332938,100,56.678938
-0.359272,100,57.139806
-0.405869,100,57.605375
-0.325462,100,58.086683
-0.496631,100,58.573442
-0.491976,100,59.047237
-0.554708,100,59.522255
-0.558095,100,59.998157
-0.609847,100,60.490996
-0.514458,100,60.964659
-0.570042,100,61.454903
-0.499124,100,61.964889
-0.594431,100,62.462627
-0.917012,100,62.937783
-0.766634,100,63.396159
-1.031965,100,63.849745
-1.62669,100,64.299487
-0.750694,100,64.764815
-0.86332,100,65.223813
-0.662507,100,65.683254
-0.696107,100,66.147936
-0.615735,100,66.59938
-0.573321,100,67.06598
-0.418882,100,67.543836
-0.47173,100,68.02148
-0.364381,100,68.510471
-0.77579,100,69.015872
-0.889256,100,69.50391
-0.412484,100,70.015167
-0.398757,100,70.507314
-0.928585,100,70.973308
-0.453854,100,71.439783
-0.87107,100,71.919911
-0.329973,100,72.389722
-0.373199,100,72.855876
-0.344702,100,73.325081
-0.468897,100,73.79583
-0.489813,100,74.2736
-0.621325,100,74.739196
-0.767526,100,75.212239
-0.92684,100,75.67786
-1.9593,100,76.139894
-1.917212,100,76.608268
-1.814962,100,77.086943
-2.998815,100,77.563432
-1.995965,100,78.043216
-2.211152,100,78.528669
-2.471461,100,78.998329
-2.383379,100,79.470634
-2.191119,100,79.940763
-1.48482,100,80.417819
-2.302783,100,80.898536
-5.546065,100,81.396622
-2.588097,100,81.874167
-1.826832,100,82.351037
-2.732665,100,82.808362
-2.080454,100,83.270752
-2.235568,100,83.7328
-2.354141,100,84.195425
-2.512914,100,84.677817
-2.79656,100,85.142489
-3.513298,100,85.613434
-3.439755,100,86.081069
-0.856291,100,86.548054
-0.647804,100,87.003443
-0.541746,100,87.464677
-0.610269,100,87.933636
-0.769221,100,88.409063
-0.818719,100,88.895299
-0.579929,100,89.395981
-0.498819,100,89.864843
-0.534912,100,90.335429
-0.484469,100,90.811561
-0.503925,100,91.286345
-0.393063,100,91.784069
-0.432062,100,92.28813
-0.35824,100,92.765842
-0.295043,100,93.220362
-0.331888,100,93.972424
-0.274837,100,94.439837
-0.258609,100,94.913697
-0.258406,100,95.37688
-0.268127,100,95.845953
-0.256203,100,96.324624
-0.169294,100,96.808014
-0.21917,100,97.295292
-0.293111,100,97.797715
-0.375215,100,98.280389
-0.637797,100,98.76246
-0.339952,100,99.258389
-0.198314,100,99.770321
-0.358463,100,100.256494
-0.41496,100,100.723795
-0.41408,100,101.190869
-0.440464,100,101.664655
-0.336537,100,102.149531
-0.517303,100,102.608511
-0.396593,100,103.060664
-0.368737,100,103.54614
-0.246279,100,103.999864
-0.368677,100,104.465599
-0.291469,100,104.938621
-0.251597,100,105.405725
-0.272246,100,105.88298
-0.254029,100,106.373133
-0.344581,100,106.829423
-0.305516,100,107.293514
-0.250022,100,107.771681
-0.241359,100,108.242064
-0.250001,100,108.713212
-0.484641,100,109.192899
-0.292322,100,109.671812
-0.214692,100,110.156362
-0.301292,100,110.62253
-0.139646,100,111.077833
-0.165365,100,111.53354
-0.222161,100,111.990827
-0.228407,100,112.47422
-0.250947,100,112.967698
-0.23876,100,113.460394
-0.210451,100,113.950141
-0.194589,100,114.427257
-0.153663,100,114.897858
-0.160717,100,115.377304
-0.151557,100,115.857171
-0.150627,100,116.345099
-0.146368,100,116.832006
-0.170087,100,117.317864
-0.148403,100,117.800931
-0.170224,100,118.284287
-0.158672,100,118.748063
-0.158135,100,119.215015
-0.218688,100,119.718082
-0.157541,100,120.198359
-0.199941,100,120.673803
-0.193926,100,121.207434
-0.218338,100,121.708117
-0.228203,100,122.206616
-0.192797,100,122.704181
-0.407984,100,123.182211
-0.242607,100,123.659149
-0.649643,100,124.139681
-0.575579,100,124.623915
-0.659682,100,125.100765
-0.387742,100,125.57373
-0.303354,100,126.078004
-1.159141,100,126.557325
-0.360274,100,127.037138
-1.166934,100,127.514863
-0.331221,100,127.98919
-1.133533,100,128.462553
-1.117156,100,128.949895
-1.117354,100,129.422001
-1.114687,100,129.897466
-1.127474,100,130.37593
-0.994598,100,130.852304
-1.090858,100,131.332162
-1.040866,100,131.823063
-1.050367,100,132.296355
-0.997665,100,132.764966
-0.980473,100,133.238096
-0.67444,100,133.715472
-0.4014,100,134.188694
-0.37065,100,134.657974
-0.788762,100,135.110822
-0.525181,100,135.572055
-0.614465,100,136.030398
-0.527273,100,136.496206
-0.679544,100,136.96054
-1.042263,100,137.437265
-0.518954,100,137.904954
-0.271702,100,138.36717
-0.270751,100,138.818683
-0.374198,100,139.271784
-0.421814,100,139.722055
-0.524472,100,140.181261
-0.759567,100,140.6542
-0.561479,100,141.128889
-0.508671,100,142.176102
-0.399274,100,142.631901
-0.354639,100,143.085975
-0.363441,100,143.545157
-0.322651,100,144.006473
-0.47592,100,144.450108
-0.56815,100,144.923842
-0.487303,100,145.391531
-0.633233,100,145.902321
-0.307896,100,146.384986
-0.821497,100,146.844746
-0.460262,100,147.308021
-0.569445,100,147.772717
-0.38717,100,148.246024
-0.273738,100,148.732035
-0.296889,100,149.202493
-0.293942,100,149.67421
-0.317054,100,150.150919
-0.308955,100,150.684325
-0.372392,100,151.179359
-0.332643,100,151.663018
-0.337413,100,152.152546
-0.354698,100,152.632513
-0.333423,100,153.104296
-0.281211,100,153.578334
-0.544802,100,154.052714
-0.666296,100,154.526124
-0.82487,100,154.985245
-0.845929,100,155.439114
-1.233172,100,155.903891
-0.574942,100,156.381745
-0.807689,100,156.849073
-0.655134,100,157.317399
-0.836395,100,157.823917
-0.722209,100,158.312803
-1.026484,100,158.785757
-1.005504,100,159.259622
-1.696429,100,159.734998
-1.373838,100,160.213952
-1.264724,100,160.695906
-1.247513,100,161.178012
-0.925738,100,161.671228
-2.510921,100,162.186125
-2.645964,100,162.673377
-2.137751,100,163.147114
-2.008537,100,163.669532
-1.483048,100,164.168999
-1.910086,100,164.71931
-2.052577,100,165.215942
-1.070703,100,165.697261
-1.064832,100,166.183813
-1.833457,100,166.664299
-1.197942,100,167.139248
-1.11659,100,167.619543
-1.097614,100,168.104542
-0.795292,100,168.58196
-0.731578,100,169.080845
-0.589089,100,169.575948
-0.450875,100,170.080257
-0.814072,100,170.586766
-0.495415,100,171.063211
-0.793151,100,171.530923
-0.609799,100,172.002316
-0.368599,100,172.486938
-0.458389,100,172.964797
-0.421743,100,173.445297
-0.381237,100,173.91919
-0.351739,100,174.399694
-0.396788,100,174.878668
-0.380371,100,175.351899
-0.326693,100,175.81974
-0.297066,100,176.280471
-0.25649,100,176.762405
-0.240029,100,177.221279
-0.211138,100,177.727412
-0.229451,100,178.222831
-0.250979,100,178.696949
-0.247505,100,179.180256
-0.218676,100,179.670723
-0.315474,100,180.159929
-0.276429,100,180.648134
-0.323825,100,181.14339
-0.288267,100,181.632141
-0.484715,100,182.139606
-0.25367,100,182.627613
-0.244955,100,183.11763
-0.349813,100,183.660928
-0.373323,100,184.154754
-0.512479,100,184.688603
-0.403793,100,185.200139
-0.52768,100,185.682872
-0.737275,100,186.188486
-0.880981,100,186.677333
-0.227654,100,187.15472
-0.459209,100,187.643997
-0.758991,100,188.116776
-0.402663,100,188.585964
-0.404078,100,189.062645
-0.534213,100,189.535146
-0.345435,100,190.008392
-0.324291,100,190.796284
-0.786591,100,191.267477
-0.665305,100,191.731662
-0.524532,100,192.192679
-0.387281,100,192.658908
-0.305722,100,193.125323
-0.279645,100,193.589817
-0.374169,100,194.059106
-0.383416,100,194.520589
-0.504825,100,194.98446
-0.532223,100,195.440492
-0.537086,100,195.896403
-0.39942,100,196.3537
-0.62476,100,196.816741
-0.630277,100,197.28872
-1.869632,100,197.757192
-1.883412,100,198.228436
-1.877662,100,198.70544
-1.896249,100,199.174646
-0.864078,100,199.641028
-0.842463,100,200.133229
-0.534813,100,200.607365
-0.16465,100,201.091921
-0.589541,100,201.562198
-0.186395,100,202.029392
-0.353303,100,202.504288
-0.261329,100,202.995148
-0.762691,100,203.497875
-0.825039,100,203.99754
-0.788723,100,204.477157
-0.666056,100,204.958378
-0.8091,100,205.430784
-0.592557,100,205.911135
-0.608766,100,206.38518
-0.41024,100,206.889668
-0.377561,100,207.368837
-0.41698,100,207.862899
-0.126071,100,208.351963
-0.233923,100,208.829764
-0.121105,100,209.303161
-0.320209,100,209.776216
-0.200155,100,210.286607
-0.179002,100,210.769472
-0.328565,100,211.235202
-0.371515,100,211.702016
-0.130735,100,212.171468
-0.33026,100,212.658125
-0.128658,100,213.163251
-0.46065,100,213.647301
-0.316959,100,214.127522
-0.329056,100,214.621909
-0.359904,100,215.122421
-0.428209,100,215.637353
-0.340599,100,216.138505
-0.39336,100,216.64377
-0.62274,100,217.207806
-0.218074,100,217.716091
-0.264171,100,218.204855
-0.183389,100,218.678136
-0.284571,100,219.163965
-0.268246,100,219.64158
-0.222359,100,220.12759
-0.220726,100,220.619914
-0.177384,100,221.106435
-0.189156,100,221.6336
-0.174608,100,222.145863
-0.136663,100,222.626201
-0.12869,100,223.112331
-0.129637,100,223.602751
-0.132128,100,224.088444
-0.13396,100,224.555854
-0.142771,100,225.042351
-0.136897,100,225.546956
-0.144652,100,226.031374
-0.158638,100,226.506844
-0.201543,100,226.992566
-0.151174,100,227.474269
-0.1402,100,227.951138
-0.174798,100,228.45121
-0.349382,100,228.945731
-0.347376,100,229.504147
-0.233671,100,230.01353
-0.26421,100,230.519337
-0.220001,100,231.002636
-0.264168,100,231.485624
-0.199798,100,231.942338
-0.251859,100,232.402986
-0.18681,100,232.893166
-0.214386,100,233.365749
-0.255321,100,233.839678
-0.185247,100,234.317619
-0.296509,100,234.785067
-0.320663,100,235.272704
-0.304113,100,235.769497
-0.228816,100,236.235442
-0.246487,100,236.70363
-0.230666,100,237.190163
-0.20832,100,237.679236
-0.201462,100,238.190613
-0.224602,100,238.692698
-0.248112,100,239.514234
-0.219036,100,239.994685
-0.212539,100,240.520905
-0.216688,100,241.07274
-0.242273,100,241.564653
-0.202285,100,242.04203
-0.244061,100,242.524424
-0.307647,100,243.003759
-0.274876,100,243.462478
-0.367226,100,243.925945
-0.440934,100,244.405688
-0.32171,100,244.883693
-0.459035,100,245.35876
-0.694466,100,245.83814
-0.654068,100,246.317743
-0.719789,100,246.78598
-0.422575,100,247.251049
-0.418841,100,247.715569
-0.365561,100,248.177647
-0.387013,100,248.646025
-0.219508,100,249.121839
-0.416617,100,249.60192
-0.468256,100,250.114972
-0.475307,100,250.602028
-0.500861,100,251.080566
-0.390437,100,251.584359
-0.184624,100,252.084125
-0.496253,100,252.581648
-0.320271,100,253.137645
-0.476982,100,253.659772
-0.398338,100,254.165843
-0.315347,100,254.65856
-0.348758,100,255.174758
-0.346493,100,255.755405
-0.345514,100,256.24825
-0.321415,100,256.723771
-0.340317,100,257.217599
-0.328012,100,257.700166
-0.344479,100,258.188158
-0.342345,100,258.668614
-0.355168,100,259.151406
-0.387888,100,259.632251
-0.347243,100,260.11204
-0.384647,100,260.593152
-0.3571,100,261.066317
-0.331605,100,261.552051
-0.153174,100,262.034148
-0.230367,100,262.498749
-0.155264,100,262.959786
-0.137752,100,263.421022
-0.1382,100,263.891726
-0.160509,100,264.427674
-0.146654,100,264.948276
-0.18732,100,265.440276
-0.419226,100,265.924969
-0.167207,100,266.422399
-0.338921,100,266.881492
-0.163613,100,267.333327
-0.159568,100,267.797962
-0.172278,100,268.285785
-0.496342,100,268.755478
-0.207505,100,269.230456
-0.534192,100,269.727719
-0.253411,100,270.217048
-0.301423,100,270.681649
-0.300633,100,271.170403
-0.323389,100,271.633377
-0.360671,100,272.099152
-0.3579,100,272.569076
-0.319256,100,273.067608
-0.219272,100,273.568107
-0.262096,100,274.057387
-0.306276,100,274.537633
-0.248797,100,275.025419
-0.25165,100,275.506212
-0.298449,100,275.95825
-0.247338,100,276.421507
-0.282048,100,276.884768
-0.21739,100,277.350545
-0.294436,100,277.835524
-0.281635,100,278.32798
-0.308823,100,278.828282
-0.140523,100,279.339625
-0.282386,100,279.852266
-0.133191,100,280.333348
-0.314925,100,280.826358
-0.338469,100,281.340047
-0.212071,100,281.863775
-0.330251,100,282.350302
-0.230485,100,282.827492
-0.22246,100,283.297788
-0.353437,100,283.789014
-0.292801,100,284.265884
-0.272031,100,284.74143
-0.255326,100,285.208296
-0.296191,100,285.667628
-0.37415,100,286.161808
-0.376378,100,286.643303
-0.134934,100,287.15264
-0.34873,100,287.634158
-0.443172,100,288.394619
-0.417253,100,288.882192
-0.433901,100,289.391461
-0.306004,100,289.925962
-0.387432,100,290.440285
-0.338179,100,290.931036
-0.230194,100,291.417239
-0.304048,100,291.904879
-0.298151,100,292.391351
-0.232388,100,292.871924
-0.214874,100,293.358219
-0.220725,100,293.841415
-0.142426,100,294.320008
-0.127527,100,294.792798
-0.132277,100,295.266471
-0.226878,100,295.737383
-0.139781,100,296.213473
-0.126927,100,296.697723
-0.122197,100,297.164279
-0.212437,100,297.643105
-0.262405,100,298.118071
-0.226547,100,298.594678
-0.265547,100,299.06396
-0.248315,100,299.533384
-0.245604,100,300.014785
-0.251135,100,300.479718
-0.259234,100,300.934612
-0.35416,100,301.420177
-0.368802,100,301.922153
-0.304116,100,302.40152
-0.188206,100,302.894699
-0.470882,100,303.377317
-0.439882,100,303.881272
-0.478938,100,304.383056
-0.61233,100,304.873564
-0.492157,100,305.368805
-0.449958,100,305.881727
-0.438346,100,306.37318
-0.472444,100,306.851107
-0.41135,100,307.383383
-0.428496,100,307.902364
-0.418621,100,308.375601
-0.365511,100,308.851312
-0.187724,100,309.333299
-0.198109,100,309.811212
-0.166323,100,310.308985
-0.206936,100,310.815892
-0.201704,100,311.295061
-0.292108,100,311.770951
-0.292463,100,312.249055
-0.251652,100,312.719531
-0.372401,100,313.196712
-0.165665,100,313.672166
-0.242824,100,314.151611
-0.174841,100,314.62014
-0.820544,100,315.078518
-0.341817,100,315.533058
-0.326351,100,316.001949
-0.292537,100,316.456824
-0.320614,100,316.928402
-0.375227,100,317.381866
-0.282422,100,317.868417
-0.504076,100,318.344811
-0.331825,100,318.804214
-0.276162,100,319.26775
-0.223741,100,319.793213
-0.252452,100,320.2854
-0.262023,100,320.834885
-0.269632,100,321.337884
-0.237236,100,321.828706
-0.263228,100,322.306227
-0.254892,100,322.773735
-0.133308,100,323.256047
-0.152328,100,323.712715
-0.137275,100,324.212909
-0.145513,100,324.68082
-0.179875,100,325.139943
-0.147696,100,325.61525
-0.138788,100,326.079258
-0.229911,100,326.572115
-0.141575,100,327.043207
-0.219707,100,327.498068
-0.138045,100,327.980494
-0.195024,100,328.452289
-0.176838,100,328.927944
-0.132521,100,329.417309
-0.171896,100,329.896615
-0.156062,100,330.372654
-0.187327,100,330.842871
-0.150906,100,331.306962
-0.172305,100,331.769248
-0.18527,100,332.231177
-0.208338,100,332.684294
-0.219582,100,333.15012
-0.173688,100,333.617435
-0.17775,100,334.094286
-0.218695,100,334.565532
-0.252733,100,335.01958
-0.184393,100,335.477016
-0.157038,100,335.942931
-0.189963,100,336.703451
-0.184485,100,337.160925
-0.196737,100,337.642431
-0.198744,100,338.16362
-0.185568,100,338.641943
-0.251329,100,339.115338
-0.168995,100,339.605875
-0.181406,100,340.078722
-0.176078,100,340.57021
-0.195078,100,341.044263
-0.17152,100,341.551045
-0.154122,100,342.030486
-0.199829,100,342.51742
-0.179481,100,342.993232
-0.142993,100,343.486016
-0.148641,100,344.005711
-0.17443,100,344.499863
-0.141295,100,344.979833
-0.134189,100,345.456616
-0.150459,100,345.934229
-0.142236,100,346.408535
-0.128069,100,346.878952
-0.146641,100,347.343398
-0.181393,100,347.819194
-0.149693,100,348.288619
-0.165293,100,348.761654
-0.177743,100,349.254592
-0.160033,100,349.733737
-0.317259,100,350.218548
-0.351346,100,350.685349
-0.292079,100,351.152311
-0.301622,100,351.612721
-0.234429,100,352.089322
-0.24162,100,352.559098
-0.223305,100,353.03075
-0.286833,100,353.506061
-0.283534,100,353.974868
-0.328697,100,354.437222
-0.526103,100,354.892094
-0.244753,100,355.344102
-0.316654,100,355.810785
-0.371546,100,356.269661
-0.309999,100,356.754001
-0.328495,100,357.250924
-0.307145,100,357.746397
-0.299118,100,358.222029
-0.316343,100,358.690596
-0.314095,100,359.173196
-0.310594,100,359.642003
-0.307078,100,360.109969
-0.303468,100,360.602968
-0.28733,100,361.116087
-0.211023,100,361.606777
-0.295772,100,362.085803
-0.299765,100,362.559513
-0.322675,100,363.01329
-0.125022,100,363.48099
-0.188858,100,363.947984
-0.15979,100,364.418553
-0.154116,100,364.901206
-0.192952,100,365.391199
-0.147045,100,365.892916
-0.151219,100,366.386204
-0.202425,100,366.859301
-0.277656,100,367.334039
-0.130778,100,367.796546
-0.147228,100,368.275567
-0.139739,100,368.749213
-0.363792,100,369.248018
-0.194517,100,369.739201
-0.165036,100,370.220914
-0.149746,100,370.686743
-0.227826,100,371.153177
-0.210948,100,371.638638
-0.164928,100,372.104571
-0.122354,100,372.576441
-0.193362,100,373.050125
-0.206689,100,373.55696
-0.175798,100,374.037435
-0.151953,100,374.512356
-0.131112,100,374.971484
-0.131529,100,375.426164
-0.186399,100,375.894983
-0.30546,100,376.37184
-0.12376,100,376.864976
-0.130539,100,377.384107
-0.359688,100,377.855639
-0.378153,100,378.344981
-0.217331,100,378.818569
-0.143787,100,379.310097
-0.173836,100,379.780483
-0.136448,100,380.24865
-0.127482,100,380.713207
-0.16439,100,381.179222
-0.139754,100,381.648409
-0.140639,100,382.125487
-0.138861,100,382.60599
-0.161432,100,383.063994
-0.202406,100,383.527996
-0.178074,100,383.99538
-0.204875,100,384.977031
-0.201368,100,385.451874
-0.205501,100,385.923874
-0.143034,100,386.393009
-0.189955,100,386.866878
-0.177722,100,387.336826
-0.343619,100,387.816522
-0.321584,100,388.295404
-0.285993,100,388.779062
-0.248993,100,389.253576
-0.223288,100,389.731123
-0.239777,100,390.21173
-0.277182,100,390.678619
-0.187838,100,391.174068
-0.178147,100,391.65608
-0.13106,100,392.160289
-0.140284,100,392.661699
-0.161574,100,393.139552
-0.174875,100,393.617477
-0.15917,100,394.102087
-0.132922,100,394.578588
-0.148928,100,395.040939
-0.139064,100,395.508469
-0.168125,100,396.014702
-0.164741,100,396.537139
-0.149211,100,397.025012
-0.197341,100,397.512873
-0.188239,100,397.991704
-0.150006,100,398.471711
-0.192293,100,398.9351
-0.162145,100,399.40221
-0.183279,100,399.88414
-0.155486,100,400.366742
-0.17914,100,400.837715
-0.172944,100,401.30586
-0.240411,100,401.774521
-0.218835,100,402.253175
-0.215169,100,402.712689
-0.249111,100,403.17082
-0.179265,100,403.615058
-0.174654,100,404.073879
-0.220126,100,404.551865
-0.206365,100,405.009806
-0.205029,100,405.476547
-0.232726,100,405.947051
-0.298328,100,406.412691
-0.204376,100,406.873832
-0.147651,100,407.321269
-0.253556,100,407.771149
-0.160978,100,408.222493
-0.132941,100,408.68391
-0.175736,100,409.17106
-0.143187,100,409.639175
-0.144783,100,410.106984
-0.135479,100,410.561872
-0.472437,100,411.024047
-0.471034,100,411.470618
-0.14779,100,411.928454
-0.161143,100,412.40594
-0.159513,100,412.863077
-0.158325,100,413.338618
-0.146433,100,413.829434
-0.203232,100,414.299902
-0.140135,100,414.762697
-0.174378,100,415.23305
-0.160885,100,415.695213
-0.180363,100,416.153235
-0.128552,100,416.627126
-0.154922,100,417.134627
-0.145929,100,417.633517
-0.156332,100,418.112521
-0.160696,100,418.567302
-0.139061,100,419.022012
-0.131205,100,419.497808
-0.141281,100,419.972805
-0.13927,100,420.457426
-0.167862,100,420.931082
-0.194333,100,421.390209
-0.151841,100,421.867016
-0.147019,100,422.335979
-0.14407,100,422.793164
-0.122735,100,423.268724
-0.131,100,423.74033
-0.125253,100,424.22098
-0.123537,100,424.689626
-0.150595,100,425.178845
-0.140122,100,425.6931
-0.124174,100,426.18358
-0.124814,100,426.664482
-0.122243,100,427.136304
-0.122655,100,427.609552
-0.124452,100,428.06446
-0.124164,100,428.533351
-0.130348,100,429.000308
-0.121861,100,429.491837
-0.127455,100,430.026908
-0.119265,100,430.518717
-0.132816,100,430.983023
-0.12317,100,431.447225
-0.138523,100,431.916168
-0.12862,100,432.633576
-0.121329,100,433.104926
-0.132997,100,433.589774
-0.119333,100,434.074353
-0.127537,100,434.560109
-0.130638,100,435.036781
-0.12311,100,435.529963
-0.133914,100,436.015285
-0.120415,100,436.497161
-0.121788,100,436.978351
-0.123676,100,437.454762
-0.119735,100,437.948221
-0.166639,100,438.424072
-0.125115,100,438.909594
-0.121158,100,439.397691
-0.120846,100,439.8846
-0.120415,100,440.354664
-0.124101,100,440.819766
-0.123354,100,441.297353
-0.126882,100,441.774785
-0.122789,100,442.25263
-0.121181,100,442.723807
-0.123231,100,443.185019
-0.123287,100,443.649593
-0.120326,100,444.150514
-0.140578,100,444.633318
-0.119376,100,445.110026
-0.123185,100,445.606866
-0.121949,100,446.132878
-0.12608,100,446.636475
-0.136314,100,447.138235
-0.134965,100,447.646816
-0.127683,100,448.127371
-0.120474,100,448.618498
-0.128646,100,449.138999
-0.120976,100,449.769068
-0.124584,100,450.366452
-0.132945,100,450.866635
-0.119601,100,451.387288
-0.127522,100,451.908005
-0.120725,100,452.392589
-0.120531,100,452.8676
-0.127524,100,453.336308
-0.123989,100,453.815742
-0.11947,100,454.312636
-0.122729,100,454.82483
-0.120673,100,455.316628
-0.130201,100,455.789285
-0.121134,100,456.268696
-0.123591,100,456.742814
-0.13433,100,457.221061
-0.122576,100,457.72781
-0.126482,100,458.222636
-0.124076,100,458.707847
-0.127256,100,459.191046
-0.124403,100,459.690141
-0.137779,100,460.159308
-0.129831,100,460.64653
-0.128122,100,461.151517
-0.1278,100,461.643449
-0.154103,100,462.127732
-0.129257,100,462.592815
-0.123097,100,463.043202
-0.160213,100,463.520364
-0.145908,100,464.03493
-0.150138,100,464.51078
-0.125779,100,464.98802
-0.131062,100,465.462198
-0.131428,100,465.952286
-0.121608,100,466.459666
-0.14577,100,466.95944
-0.130395,100,467.443253
-0.12702,100,467.921928
-0.124506,100,468.398943
-0.141948,100,468.874214
-0.126608,100,469.360242
-0.121183,100,469.84494
-0.124553,100,470.358391
-0.120975,100,470.874147
-0.119856,100,471.38295
-0.12541,100,471.873008
-0.140033,100,472.356051
-0.123821,100,472.838095
-0.139988,100,473.32951
-0.134134,100,473.88012
-0.134702,100,474.403425
-0.152365,100,474.901037
-0.134539,100,475.387497
-0.1526,100,475.919626
-0.157656,100,476.404442
-0.127572,100,476.924717
-0.150644,100,477.409485
-0.149212,100,477.891493
-0.130327,100,478.367963
-0.141407,100,478.84901
-0.180414,100,479.367455
-0.174111,100,479.900349
-0.141704,100,480.404753
-0.142049,100,480.893667
-0.156677,100,481.370099
-0.132395,100,482.138908
-0.139304,100,482.602242
-0.142807,100,483.069702
-0.137591,100,483.532077
-0.126389,100,483.990185
-0.135259,100,484.453214
-0.137505,100,484.916784
-0.131065,100,485.390014
-0.12919,100,485.863167
-0.129283,100,486.335489
-0.146033,100,486.80743
-0.141838,100,487.270892
-0.13623,100,487.773799
-0.128335,100,488.277791
-0.137877,100,488.779389
-0.137749,100,489.266173
-0.127845,100,489.777406
-0.148726,100,490.271834
-0.142242,100,490.762811
-0.142303,100,491.244266
-0.147585,100,491.720016
-0.146217,100,492.185593
-0.165003,100,492.681969
-0.150597,100,493.168948
-0.148928,100,493.668034
-0.137014,100,494.177929
-0.156494,100,494.647114
-0.15994,100,495.110115
-0.138071,100,495.584593
-0.145842,100,496.055704
-0.128738,100,496.55607
-0.127678,100,497.029326
-0.156839,100,497.510054
-0.167472,100,498.008698
-0.154732,100,498.512645
-0.131544,100,499.016287
-0.166211,100,499.538214
-0.156267,100,500.039239
-0.129068,100,500.540595
-0.122948,100,501.024008
-0.133613,100,501.584245
-0.145995,100,502.112758
-0.138952,100,502.610993
-0.138193,100,503.085855
-0.124066,100,503.57579
-0.128941,100,504.057892
-0.126461,100,504.567407
-0.145523,100,505.106162
-0.124431,100,505.604337
-0.13035,100,506.09778
-0.153613,100,506.58893
-0.147267,100,507.119328
-0.137658,100,507.66926
-0.134673,100,508.203943
-0.128124,100,508.690096
-0.138865,100,509.18624
-0.120793,100,509.675811
-0.123029,100,510.186127
-0.127593,100,510.679566
-0.139159,100,511.169558
-0.143121,100,511.675777
-0.150561,100,512.18819
-0.135414,100,512.684099
-0.13998,100,513.182537
-0.12544,100,513.669477
-0.136711,100,514.19114
-0.159173,100,514.74739
-0.129229,100,515.249227
-0.14827,100,515.725668
-0.127281,100,516.202551
-0.143334,100,516.669831
-0.13773,100,517.151769
-0.136894,100,517.63377
-0.132476,100,518.120227
-0.141376,100,518.597369
-0.129766,100,519.058885
-0.155482,100,519.524667
-0.156398,100,519.99698
-0.128664,100,520.489392
-0.137283,100,520.96156
-0.134355,100,521.436058
-0.142912,100,521.919656
-0.176583,100,522.392131
-0.133553,100,522.868243
-0.162587,100,523.344674
-0.158977,100,523.811466
-0.172322,100,524.287743
-0.145988,100,524.834642
-0.165075,100,525.476705
-0.255055,100,525.996132
-0.170445,100,526.523168
-0.148212,100,527.055697
-0.162128,100,527.558914
-0.143678,100,528.061633
-0.165083,100,528.57512
-0.152725,100,529.117078
-0.212932,100,529.637479
-0.130247,100,530.145707
-0.150054,100,530.675412
-0.124942,100,531.230469
-0.138371,100,532.036945
-0.12617,100,532.566975
-0.137967,100,533.080487
-0.156006,100,533.625626
-0.130334,100,534.182864
-0.144068,100,534.726162
-0.141539,100,535.35234
-0.146779,100,535.896878
-0.148657,100,536.402694
-0.12889,100,536.921429
-0.155065,100,537.462385
-0.142237,100,537.996483
-0.127783,100,538.500076
-0.133889,100,539.01748
-0.127952,100,539.544278
-0.140179,100,540.097607
-0.128099,100,540.61513
-0.13256,100,541.141865
-0.175539,100,541.675207
-0.129955,100,542.213453
-0.132173,100,542.732528
-0.14343,100,543.23164
-0.119639,100,543.715795
-0.128248,100,544.258232
-0.134393,100,544.863658
-0.123835,100,545.397996
-0.147634,100,545.913064
-0.13923,100,546.494431
-0.144796,100,547.022235
-0.154693,100,547.50677
-0.160659,100,548.004649
-0.163248,100,548.514604
-0.121963,100,549.059076
-0.124768,100,549.572898
-0.134659,100,550.077978
-0.125863,100,550.568875
-0.122118,100,551.036856
-0.162622,100,551.50586
-0.12191,100,551.985873
-0.123898,100,552.470551
-0.126408,100,552.989666
-0.125571,100,553.51439
-0.132688,100,554.014564
-0.122404,100,554.51626
-0.149638,100,555.018234
-0.134281,100,555.550086
-0.122037,100,556.038293
-0.122239,100,556.516331
-0.120547,100,556.990457
-0.123531,100,557.477556
-0.125428,100,557.962796
-0.124969,100,558.436108
-0.130327,100,558.909716
-0.127009,100,559.42701
-0.1358,100,559.904287
-0.132534,100,560.383009
-0.122678,100,560.856356
-0.134835,100,561.356537
-0.121184,100,561.872119
-0.132606,100,562.371266
-0.123902,100,562.845519
-0.125054,100,563.319969
-0.1255,100,563.803687
-0.146342,100,564.29702
-0.129098,100,564.78286
-0.153616,100,565.286016
-0.140789,100,565.778325
-0.121133,100,566.279333
-0.175717,100,566.773825
-0.125632,100,567.232088
-0.122141,100,567.734037
-0.119801,100,568.204726
-0.138178,100,568.688762
-0.121553,100,569.169947
-0.123598,100,569.659473
-0.122077,100,570.139027
-0.122646,100,570.598279
-0.12262,100,571.060339
-0.125536,100,571.526891
-0.123058,100,571.995952
-0.122659,100,572.483396
-0.122013,100,572.966851
-0.134749,100,573.445054
-0.122121,100,573.971787
-0.122763,100,574.453875
-0.12854,100,574.922909
-0.12606,100,575.381642
-0.123746,100,575.836082
-0.132452,100,576.300142
-0.123785,100,576.775519
-0.123105,100,577.251512
-0.127623,100,577.727508
-0.131497,100,578.212542
-0.131873,100,578.682765
-0.129629,100,579.154315
-0.133608,100,579.633193
-0.125286,100,580.113918
-0.122872,100,580.592328
-0.133881,100,581.076048
-0.124858,100,581.552751
-0.15989,100,582.298446
-0.155831,100,582.755125
-0.143462,100,583.215903
-0.139291,100,583.672979
-0.137653,100,584.126773
-0.150405,100,584.59459
-0.149158,100,585.069059
-0.143107,100,585.580743
-0.149826,100,586.078278
-0.148881,100,586.571232
-0.145336,100,587.033971
-0.141331,100,587.495452
-0.146251,100,587.963706
-0.137799,100,588.425967
-0.123219,100,588.902685
-0.133622,100,589.384175
-0.124719,100,589.903769
-0.123995,100,590.400944
-0.128545,100,590.856127
-0.130819,100,591.305436
-0.139806,100,591.753435
-0.127772,100,592.202644
-0.152539,100,592.657746
-0.129505,100,593.124152
-0.141421,100,593.639737
-0.152598,100,594.138809
-0.124253,100,594.630238
-0.126216,100,595.097109
-0.131845,100,595.54578
-0.134468,100,596.010655
-0.126319,100,596.483282
-0.167703,100,596.944881
-0.123784,100,597.417089
-0.129619,100,597.892056
-0.124551,100,598.374582
-0.130341,100,598.854739
-0.125138,100,599.322853
-0.140162,100,599.80408
-0.123266,100,600.307347
-0.131248,100,600.784152
-0.146234,100,601.264073
-0.126082,100,601.752055
-0.123599,100,602.232685
-0.123451,100,602.726133
-0.123252,100,603.219553
-0.134203,100,603.696986
-0.151912,100,604.180469
-0.121371,100,604.677866
-0.144222,100,605.21976
-0.125176,100,605.754992
-0.13474,100,606.257172
-0.122546,100,606.748147
-0.135345,100,607.221106
-0.130669,100,607.687006
-0.125989,100,608.17119
-0.121427,100,608.645337
-0.122843,100,609.124851
-0.135282,100,609.601389
-0.122268,100,610.078112
-0.128053,100,610.56089
-0.123104,100,611.038049
-0.123741,100,611.517493
-0.127457,100,612.003168
-0.143861,100,612.49121
-0.133191,100,612.974487
-0.149063,100,613.473351
-0.126728,100,613.966507
-0.130054,100,614.461406
-0.158499,100,614.933512
-0.146442,100,615.419545
-0.124793,100,615.950927
-0.140695,100,616.45339
-0.148692,100,616.94755
-0.136587,100,617.465406
-0.152734,100,618.009349
-0.159484,100,618.548054
-0.160528,100,619.053795
-0.154127,100,619.546475
-0.147726,100,620.038176
-0.128006,100,620.560817
-0.133139,100,621.100245
-0.137906,100,621.621129
-0.135867,100,622.125392
-0.180066,100,622.616557
-0.156984,100,623.090758
-0.144873,100,623.55784
-0.129807,100,624.039393
-0.124047,100,624.516598
-0.138995,100,624.990757
-0.156612,100,625.469089
-0.134817,100,625.953748
-0.140149,100,626.431574
-0.139398,100,626.898839
-0.150633,100,627.365799
-0.12434,100,627.839558
-0.150287,100,628.312537
-0.140643,100,628.787126
-0.136741,100,629.268992
-0.171658,100,629.746314
-0.153804,100,630.223579
-0.15347,100,631.080446
-0.179865,100,631.614831
-0.13147,100,632.157554
-0.148875,100,632.682834
-0.14235,100,633.20685
-0.137009,100,633.729293
-0.141491,100,634.248964
-0.138979,100,634.801213
-0.129263,100,635.349015
-0.127421,100,635.868753
-0.120731,100,636.364171
-0.132239,100,636.941853
-0.129123,100,637.588356
-0.120619,100,638.165719
-0.192284,100,638.670345
-0.132121,100,639.217327
-0.134369,100,639.753243
-0.121633,100,640.277231
-0.144419,100,640.784943
-0.163842,100,641.421364
-0.128525,100,642.044763
-0.125276,100,642.549321
-0.121329,100,643.095325
-0.141519,100,643.646094
-0.124046,100,644.145032
-0.119577,100,644.634654
-0.125468,100,645.131517
-0.126782,100,645.672968
-0.121059,100,646.217045
-0.120267,100,646.720536
-0.119528,100,647.243483
-0.12018,100,647.811878
-0.122499,100,648.323716
-0.121658,100,648.823176
-0.124469,100,649.317338
-0.121349,100,649.804728
-0.122727,100,650.289022
-0.122718,100,650.751952
-0.132026,100,651.216511
-0.129759,100,651.680266
-0.122123,100,652.148279
-0.122623,100,652.618757
-0.125898,100,653.090052
-0.165249,100,653.560086
-0.129696,100,654.054698
-0.119869,100,654.526128
-0.126858,100,655.01633
-0.151971,100,655.513015
-0.123237,100,656.00417
-0.167481,100,656.537885
-0.125942,100,657.062232
-0.126286,100,657.591408
-0.131849,100,658.132732
-0.216212,100,658.714834
-0.146313,100,659.417735
-0.142524,100,659.994246
-0.185531,100,660.500853
-0.165827,100,660.99484
-0.124144,100,661.485713
-0.122605,100,661.974219
-0.135725,100,662.455872
-0.129115,100,662.930287
-0.143058,100,663.411817
-0.126238,100,663.89259
-0.123465,100,664.378978
-0.141805,100,664.865395
-0.184676,100,665.350622
-0.128546,100,665.879894
-0.158424,100,666.409959
-0.134955,100,666.922748
-0.152896,100,667.425682
-0.271995,100,667.941878
-0.319366,100,668.568704
-0.144645,100,669.116969
-0.128715,100,669.63894
-0.188697,100,670.19944
-0.185565,100,670.842885
-0.137483,100,671.408288
-0.130492,100,671.948999
-0.125983,100,672.494231
-0.138357,100,673.015741
-0.174651,100,673.532172
-0.127004,100,674.042847
-0.128097,100,674.516807
-0.128592,100,674.981129
-0.22759,100,675.457181
-0.144303,100,675.927268
-0.126937,100,676.393352
-0.13014,100,676.863597
-0.126959,100,677.373559
-0.121699,100,677.880473
-0.124605,100,678.374113
-0.121664,100,678.852756
-0.126677,100,679.321361
-0.124471,100,679.801949
-0.12512,100,680.275435
-0.125128,100,680.785988
-0.128469,100,681.300075
-0.122457,100,681.791713
-0.137677,100,682.274233
-0.137388,100,683.029666
-0.127173,100,683.544336
-0.126809,100,684.040481
-0.133599,100,684.539374
-0.124414,100,685.022974
-0.124725,100,685.516398
-0.137279,100,686.054408
-0.184937,100,686.584476
-0.126289,100,687.095608
-0.133283,100,687.619765
-0.189668,100,688.124132
-0.16139,100,688.618786
-0.154015,100,689.147874
-0.151017,100,689.699327
-0.152053,100,690.418314
-0.163117,100,690.958973
-0.15157,100,691.440036
-0.13353,100,691.93761
-0.144438,100,692.427906
-0.159564,100,692.913779
-0.164446,100,693.403078
-0.138297,100,693.908965
-0.148584,100,694.446811
-0.256378,100,694.964891
-0.1437,100,695.469061
-0.146454,100,695.958406
-0.143764,100,696.456692
-0.207147,100,697.010032
-0.156118,100,697.60138
-0.141494,100,698.248682
-0.161357,100,698.818492
-0.149401,100,699.327792
-0.142972,100,699.87407
-0.147382,100,700.425408
-0.196721,100,700.929981
-0.169811,100,701.439022
-0.173382,100,701.963569
-0.221675,100,702.491108
-0.207262,100,703.000205
-0.206309,100,703.516548
-0.237245,100,704.04891
-0.23703,100,704.5874
-0.243485,100,705.099022
-0.243416,100,705.619607
-0.339253,100,706.132838
-0.135202,100,706.639424
-0.135266,100,707.113698
-0.183755,100,707.606198
-0.183139,100,708.087281
-0.128113,100,708.569077
-0.135503,100,709.10942
-0.164513,100,709.644061
-0.181037,100,710.156486
-0.162976,100,710.647841
-0.283452,100,711.178171
-0.15313,100,711.691732
-0.23953,100,712.186554
-0.124444,100,712.673633
-0.124627,100,713.15908
-0.13852,100,713.67464
-0.159242,100,714.174709
-0.165937,100,714.66944
-0.151676,100,715.167212
-0.161521,100,715.665841
-0.175136,100,716.148725
-0.165758,100,716.623423
-0.124226,100,717.104144
-0.156049,100,717.605237
-0.155519,100,718.124244
-0.148387,100,718.685672
-0.146581,100,719.219248
-0.138616,100,719.738202
-0.12811,100,720.347598
-0.151188,100,720.886969
-0.140521,100,721.416981
-0.132008,100,722.079382
-0.128701,100,722.639728
-0.135455,100,723.141356
-0.136695,100,723.655806
-0.133799,100,724.152982
-0.224258,100,724.642304
-0.171279,100,725.136629
-0.144614,100,725.64939
-0.138273,100,726.143074
-0.171347,100,726.665145
-0.145763,100,727.170539
-0.138659,100,727.659546
-0.155659,100,728.157027
-0.150603,100,728.664713
-0.133508,100,729.142649
-0.217682,100,729.621202
-0.196219,100,730.132865
-0.174697,100,730.656958
-0.152872,100,731.157993
-0.137096,100,731.663775
-0.138689,100,732.163102
-0.132056,100,732.659705
-0.146205,100,733.16637
-0.135998,100,733.689985
-0.126095,100,734.250741
-0.150302,100,735.050345
-0.147432,100,735.547857
-0.12521,100,736.076077
-0.16184,100,736.568204
-0.144487,100,737.111897
-0.133315,100,737.608849
-0.153527,100,738.135771
-0.15601,100,738.622078
-0.26144,100,739.092893
-0.126963,100,739.562775
-0.135768,100,740.030833
-0.135957,100,740.502741
-0.138258,100,740.982877
-0.152235,100,741.470339
-0.143137,100,741.969391
-0.129487,100,742.516735
-0.136803,100,743.049713
-0.135841,100,743.549721
-0.129507,100,744.043876
-0.158246,100,744.549941
-0.142517,100,745.049349
-0.145533,100,745.566185
-0.124917,100,746.136911
-0.1493,100,746.674292
-0.173538,100,747.186359
-0.134587,100,747.697222
-0.270464,100,748.202018
-0.122339,100,748.752606
-0.120589,100,749.444091
-0.157217,100,750.057698
-0.154738,100,750.583031
-0.135371,100,751.073835
-0.122325,100,751.558527
-0.130957,100,752.0412
-0.13711,100,752.515843
-0.122653,100,753.001623
-0.127974,100,753.498122
-0.134648,100,753.985205
-0.130773,100,754.470808
-0.137245,100,754.943463
-0.136758,100,755.428062
-0.14983,100,755.90944
-0.142313,100,756.399434
-0.131169,100,756.896331
-0.145367,100,757.380906
-0.137038,100,757.871972
-0.151226,100,758.36453
-0.14505,100,758.839566
-0.136756,100,759.311374
-0.128559,100,759.792146
-0.138987,100,760.32315
-0.1299,100,760.859856
-0.130566,100,761.376984
-0.195752,100,761.872715
-0.129887,100,762.366234
-0.123117,100,762.851097
-0.124353,100,763.344969
-0.122646,100,763.886372
-0.148199,100,764.399227
-0.127794,100,764.930714
-0.121809,100,765.442266
-0.128147,100,765.960967
-0.146553,100,766.463809
-0.13618,100,766.943123
-0.128771,100,767.441784
-0.15788,100,767.99687
-0.229475,100,768.545985
-0.121791,100,769.052994
-0.125806,100,769.578966
-0.139229,100,770.18118
-0.143216,100,770.784966
-0.12883,100,771.388112
-0.15739,100,771.914787
-0.144332,100,772.433619
-0.135804,100,772.987846
-0.122441,100,773.526855
-0.136797,100,774.043951
-0.120777,100,774.541994
-0.12375,100,775.089477
-0.13358,100,775.745383
-0.134228,100,776.29755
-0.174569,100,776.884705
-0.14745,100,777.445288
-0.140046,100,777.981772
-0.194621,100,778.522941
-0.138343,100,779.032932
-0.122529,100,779.558485
-0.120592,100,780.051412
-0.132698,100,780.538537
-0.131256,100,781.035127
-0.1325,100,781.574147
-0.146786,100,782.088163
-0.146553,100,782.630715
-0.143331,100,783.150478
-0.139733,100,783.65168
-0.14227,100,784.17691
-0.143074,100,784.786265
-0.122184,100,785.356633
-0.136461,100,785.961124
-0.146504,100,786.474704
-0.131683,100,787.340162
-0.13385,100,787.860154
-0.127789,100,788.374412
-0.145377,100,788.871224
-0.161033,100,789.412604
-0.445549,100,789.930007
-0.345415,100,790.451411
-0.15204,100,790.943224
-0.148688,100,791.430829
-0.188703,100,791.90847
-0.199697,100,792.390767
-0.156504,100,792.861391
-0.193453,100,793.337781
-0.370489,100,793.859928
-0.170876,100,794.466385
-0.392909,100,795.023303
-0.158967,100,795.538079
-0.124422,100,796.025203
-0.125344,100,796.540812
-0.170076,100,797.068532
-0.134248,100,797.583595
-0.128039,100,798.101393
-0.184607,100,798.657558
-0.146591,100,799.225794
-0.170747,100,799.738631
-0.160706,100,800.224284
-0.139945,100,800.712461
-0.179789,100,801.240107
-0.124034,100,801.915363
-0.166673,100,802.478375
-0.166534,100,802.985354
-0.134347,100,803.536345
-0.146638,100,804.078464
-0.161556,100,804.628889
-0.13696,100,805.147403
-0.149815,100,805.645251
-0.171491,100,806.192815
-0.135467,100,806.771001
-0.158309,100,807.337217
-0.124506,100,807.858192
-0.127925,100,808.353652
-0.141734,100,808.848321
-0.128497,100,809.442662
-0.140718,100,810.029635
-0.131465,100,810.566195
-0.159213,100,811.182146
-0.126918,100,811.721318
-0.135718,100,812.283586
-0.147979,100,812.794081
-0.133756,100,813.286917
-0.136105,100,813.778056
-0.128277,100,814.273875
-0.132751,100,814.759813
-0.121611,100,815.233612
-0.132587,100,815.709087
-0.144852,100,816.184813
-0.135545,100,816.652722
-0.132204,100,817.133855
-0.135833,100,817.609352
-0.125523,100,818.087084
-0.14248,100,818.579448
-0.145825,100,819.043627
-0.141622,100,819.511003
-0.124099,100,819.995843
-0.159787,100,820.46203
-0.134609,100,820.988275
-0.175658,100,821.541939
-0.122446,100,822.100465
-0.152136,100,822.610939
-0.14314,100,823.158329
-0.136284,100,823.671839
-0.127514,100,824.185009
-0.134795,100,824.67055
-0.141572,100,825.191359
-0.146585,100,825.719612
-0.126993,100,826.249226
-0.126448,100,826.764498
-0.120684,100,827.257451
-0.127846,100,827.74753
-0.125703,100,828.247204
-0.130533,100,828.73706
-0.129325,100,829.233171
-0.352992,100,829.716449
-0.364808,100,830.202213
-0.188752,100,830.684965
-0.127491,100,831.163241
-0.12611,100,831.647538
-0.133088,100,832.131876
-0.12753,100,832.607349
-0.134571,100,833.087056
-0.123677,100,833.566396
-0.124379,100,834.04611
-0.127202,100,834.524347
-0.127198,100,834.988487
-0.130633,100,835.482745
-0.138745,100,836.020015
-0.154456,100,836.53541
-0.132413,100,837.08177
-0.126874,100,837.623191
-0.131732,100,838.137982
-0.132581,100,838.935905
-0.126455,100,839.478253
-0.123151,100,840.001851
-0.128912,100,840.505827
-0.135729,100,841.025337
-0.136272,100,841.560809
-0.128059,100,842.071459
-0.169304,100,842.573341
-0.128425,100,843.061573
-0.163135,100,843.539276
-0.135446,100,844.011667
-0.120634,100,844.489758
-0.138723,100,845.042439
-0.12811,100,845.565627
-0.121192,100,846.064732
-0.134311,100,846.560154
-0.128765,100,847.038852
-0.13438,100,847.536117
-0.155805,100,848.044037
-0.204093,100,848.54469
-0.149003,100,849.051834
-0.127819,100,849.546936
-0.141534,100,850.044829
-0.142716,100,850.531089
-0.139756,100,851.01401
-0.130227,100,851.518421
-0.130612,100,852.008334
-0.140529,100,852.497963
-0.138442,100,852.98886
-0.128376,100,853.489131
-0.127187,100,853.979855
-0.133881,100,854.476436
-0.125162,100,854.953073
-0.143303,100,855.447661
-0.136348,100,855.959816
-0.143212,100,856.505587
-0.136634,100,857.038926
-0.136368,100,857.554611
-0.145349,100,858.054297
-0.163765,100,858.53917
-0.131607,100,859.014158
-0.131952,100,859.480566
-0.181948,100,859.956784
-0.258789,100,860.428446
-0.176221,100,860.910446
-0.346399,100,861.393855
-0.291072,100,861.861111
-0.298044,100,862.336826
-0.32362,100,862.812482
-0.346762,100,863.290047
-0.319001,100,863.766859
-0.323938,100,864.236567
-0.307682,100,864.705179
-0.291678,100,865.174675
-0.317661,100,865.652817
-0.321625,100,866.130784
-0.393224,100,866.617486
-0.280017,100,867.087415
-0.320117,100,867.552997
-0.335627,100,868.027011
-0.334814,100,868.503561
-0.325422,100,868.985131
-0.30282,100,869.468904
-0.338481,100,869.985529
-0.436512,100,870.505916
-0.343981,100,870.994713
-0.404414,100,871.497458
-0.409753,100,871.975634
-0.367558,100,872.448835
-0.371519,100,872.936781
-0.371065,100,873.462469
-0.347574,100,874.003726
-0.328543,100,874.507301
-0.348463,100,874.993026
-0.337269,100,875.490213
-0.338769,100,876.001809
-0.331207,100,876.531153
-0.334455,100,877.046854
-0.341202,100,877.534486
-0.408889,100,878.02084
-0.304387,100,878.518296
-0.419896,100,878.988175
-0.202956,100,879.467575
-0.304638,100,879.981262
-0.187781,100,880.511524
-0.218183,100,881.030152
-0.199177,100,881.518354
-0.195283,100,882.019369
-0.235349,100,882.546927
-0.488293,100,883.056844
-0.28349,100,883.583471
-0.271801,100,884.081872
-0.245254,100,884.57173
-0.294884,100,885.065696
-0.265784,100,885.553828
-0.225959,100,886.042004
-0.208566,100,886.543825
-0.325861,100,887.100166
-0.191238,100,887.637575
-0.204521,100,888.151424
-0.232973,100,889.02656
-0.583776,100,889.554935
-0.270717,100,890.103507
-0.191573,100,890.614146
-0.297212,100,891.189425
-0.217036,100,891.689912
-0.226557,100,892.186265
-0.331093,100,892.681089
-0.443588,100,893.165224
-0.335009,100,893.669109
-0.453274,100,894.160644
-0.573413,100,894.635214
-0.622665,100,895.106691
-0.15061,100,895.583074
-0.168536,100,896.085768
-0.453553,100,896.692961
-0.318021,100,897.25124
-0.334355,100,897.801564
-0.276529,100,898.384255
-0.280686,100,898.960046
-0.263986,100,899.468417
-0.349823,100,899.978173
-0.282641,100,900.488394
-0.278371,100,901.024976
-0.275484,100,901.569194
-0.481295,100,902.084459
-0.17846,100,902.579214
-0.483711,100,903.153059
-0.219184,100,903.680647
-0.235978,100,904.195565
-0.183702,100,904.701921
-0.429469,100,905.200804
-0.391115,100,905.696675
-0.371074,100,906.21292
-0.334464,100,906.733903
-0.278865,100,907.280473
-0.309646,100,907.802554
-0.347661,100,908.328643
-0.352172,100,908.857582
-0.387991,100,909.357405
-0.310065,100,909.872638
-0.294217,100,910.40451
-0.286095,100,910.93448
-0.327787,100,911.444331
-0.306446,100,911.954713
-0.327294,100,912.485456
-0.283926,100,913.034765
-0.38255,100,913.542545
-0.35211,100,914.045379
-0.399282,100,914.533633
-0.344275,100,915.012686
-0.363259,100,915.498232
-0.230975,100,915.98071
-0.157904,100,916.445742
-0.143775,100,916.91037
-0.128317,100,917.393735
-0.398366,100,917.866462
-0.293769,100,918.336866
-0.291851,100,918.798015
-0.344034,100,919.289153
-0.335352,100,919.757104
-0.282568,100,920.232428
-0.297895,100,920.731564
-0.286195,100,921.226906
-0.277009,100,921.732351
-0.183996,100,922.249114
-0.289056,100,922.771868
-0.307114,100,923.287555
-0.51292,100,923.779252
-0.438955,100,924.269773
-0.249177,100,924.756046
-0.231175,100,925.248959
-0.238264,100,925.785548
-0.247905,100,926.33451
-0.243814,100,926.851427
-0.23404,100,927.358957
-0.241779,100,927.932282
-0.225979,100,928.494423
-0.37607,100,929.013386
-0.126384,100,929.520195
-0.317965,100,930.010365
-0.218795,100,930.492045
-0.210361,100,930.967345
-0.235365,100,931.439967
-0.265433,100,931.910374
-0.223451,100,932.377773
-0.163609,100,932.844525
-0.204162,100,933.323481
-0.214902,100,933.803818
-0.363178,100,934.302496
-0.19625,100,934.772477
-0.186204,100,935.25181
-0.345757,100,935.759671
-0.326618,100,936.244044
-0.345544,100,936.722131
-0.346492,100,937.216643
-0.239487,100,937.75339
-0.175451,100,938.303997
-0.177698,100,938.820652
-0.153384,100,939.322891
-0.154855,100,940.160565
-0.147051,100,940.682965
-0.445081,100,941.22153
-0.15272,100,941.744101
-0.137183,100,942.247972
-0.426749,100,942.745659
-0.148941,100,943.267153
-0.180337,100,943.759151
-0.161264,100,944.247216
-0.181732,100,944.733067
-0.181583,100,945.221054
-0.340772,100,945.706748
-0.369453,100,946.206905
-0.320606,100,946.689641
-0.344518,100,947.168562
-0.178699,100,947.657964
-0.146662,100,948.144979
-0.339961,100,948.626358
-0.431627,100,949.106052
-0.196146,100,949.596854
-0.157559,100,950.082264
-0.148196,100,950.557597
-0.171438,100,951.115113
-0.151244,100,951.630372
-0.299644,100,952.15427
-0.361974,100,952.697862
-0.192136,100,953.294191
-0.254303,100,953.845563
-0.169609,100,954.367615
-0.161063,100,954.932911
-0.136827,100,955.492578
-0.213258,100,956.015948
-0.183287,100,956.506316
-0.182781,100,957.028165
-0.161217,100,957.586201
-0.185015,100,958.120438
-0.317114,100,958.629769
-0.194106,100,959.111992
-0.179141,100,959.601185
-0.185492,100,960.082796
-0.174214,100,960.557201
-0.157638,100,961.050668
-0.163388,100,961.542352
-0.153842,100,962.030914
-0.165703,100,962.521674
-0.203666,100,962.998417
-0.187371,100,963.477661
-0.174982,100,963.941394
-0.18274,100,964.409128
-0.173291,100,964.888239
-0.170413,100,965.37361
-0.172716,100,965.862457
-0.202668,100,966.352476
-0.249016,100,966.860927
-0.185797,100,967.388639
-0.180707,100,967.925322
-0.164945,100,968.436703
-0.293506,100,968.927038
-0.388938,100,969.4244
-0.260912,100,969.929368
-0.190453,100,970.465974
-0.224326,100,970.996473
-0.235811,100,971.523845
-0.237435,100,972.034283
-0.304446,100,972.584751
-0.333514,100,973.118141
-0.309287,100,973.619931
-0.382501,100,974.114882
-0.348576,100,974.588753
-0.297356,100,975.096752
-0.304208,100,975.619654
-0.182257,100,976.12721
-0.271422,100,976.632792
-0.191086,100,977.13712
-0.190673,100,977.646961
-0.187297,100,978.137713
-0.178152,100,978.620166
-0.167307,100,979.143114
-0.193339,100,979.656082
-0.330815,100,980.182188
-0.306036,100,980.688766
-0.257578,100,981.183807
-0.219203,100,981.681191
-0.232278,100,982.208428
-0.187357,100,982.714138
-0.227111,100,983.213115
-0.183994,100,983.697345
-0.207252,100,984.176583
-0.173587,100,984.651968
-0.185577,100,985.138551
-0.153153,100,985.612214
-0.24891,100,986.114889
-0.237396,100,986.630837
-0.195327,100,987.139676
-0.169133,100,987.671539
-0.165393,100,988.175676
-0.157138,100,988.668884
-0.148211,100,989.165734
-0.129428,100,989.642715
-0.144436,100,990.120149
