env_id,nb_joints,action,obs,reward,random_goal,goal_env,algo,nb_seeds,nb_eval_timesteps,cliprange,ent_coef,gamma,lam,learning_rate,max_grad_norm,n_envs,n_steps,n_timesteps,nminibatches,noptepochs,normalize,policy,policy_kwargs,vf_coef,mean_train_time(s),std_train_time(s),min_train_time(s),simulated_time_doc(s),simulated_time_measured(s),mean_return,std_return,max_return,mean_SR_50,std_SR_50,max_SR_50,mean_RT_50,std_RT_50,max_RT_50,mean_SR_20,std_SR_20,max_SR_20,mean_RT_20,std_RT_20,max_RT_20,mean_SR_10,std_SR_10,max_SR_10,mean_RT_10,std_RT_10,max_RT_10,mean_SR_5,std_SR_5,max_SR_5,mean_RT_5,std_RT_5,max_RT_5,mean_SR_2,std_SR_2,max_SR_2,mean_RT_2,std_RT_2,max_RT_2,mean_SR_1,std_SR_1,max_SR_1,mean_RT_1,std_RT_1,max_RT_1,mean_SR_05,std_SR_05,max_SR_05,mean_RT_05,std_RT_05,max_RT_05,alpha,epsilon,lr_schedule,momentum,async_eigen_decomp,kfac_clip,kfac_update,vf_fisher_coef,actor_lr,batch_size,buffer_size,critic_l2_reg,critic_lr,enable_popart,nb_eval_steps,nb_rollout_steps,nb_train_steps,normalize_observations,normalize_returns,param_noise_adaption_interval,random_exploration,render,render_eval,reward_scale,tau,gradient_steps,learning_starts,target_entropy,target_update_interval,train_freq,policy_delay,target_noise_clip,target_policy_noise,cg_damping,cg_iters,entcoeff,max_kl,timesteps_per_batch,vf_iters,vf_stepsize,goal_selection_strategy,model_class,n_sampled_goal
widowx_reacher-v5,6,"[Rel_A1, Rel_A2, Rel_A3, Rel_A4, Rel_A5, Rel_A6]","[target_x, target_y, target_z, A1, A2, A3, A4, A5, A6]",[-distance_to_target**2],0,0,ppo2,2,2000,0.2,0.01,0.99,0.95,0.00025,0.5,8.0,128.0,500000,4.0,4.0,True,MlpPolicy,None,0.5,153.42464268207598,0.5519967691849971,153.03432202339198,2083.3333333333303,69.3411135673523,-0.12370885600378201,0.00014920059870700001,-0.12360335524867899,1.0,0.0,1.0,9.0,0.0,9.0,1.0,0.0,1.0,12.0,0.0,12.0,0.9,0.070710678118655,0.95,12.0,0.0,12.0,0.275,0.176776695296637,0.4,,,,0.0,0.0,0.0,,,,0.0,0.0,0.0,,,,0.0,0.0,0.0,,,,,,,,,,,,,,,,,,,,,,,,,,,,,,,,,,,,,,,,,,,,,,
widowx_reacher-v5,6,"[Rel_A1, Rel_A2, Rel_A3, Rel_A4, Rel_A5, Rel_A6]","[target_x, target_y, target_z, A1, A2, A3, A4, A5, A6]",[-distance_to_target**2],0,0,a2c,2,2000,,0.01,0.99,,0.0007,0.5,8.0,5.0,500000,,,True,MlpPolicy,,0.25,150.633553862572,1.43142582954276,149.621382951736,2083.3333333333303,69.3411135673523,-0.615596634662302,0.10414465722938901,-0.541955241311052,0.45,0.0,0.45,31.0,1.4142135623731005,32.0,0.0,0.0,0.0,,,,0.0,0.0,0.0,,,,0.0,0.0,0.0,,,,0.0,0.0,0.0,,,,0.0,0.0,0.0,,,,0.0,0.0,0.0,,,,0.99,1e-05,constant,0.0,,,,,,,,,,,,,,,,,,,,,,,,,,,,,,,,,,,,,,,
widowx_reacher-v5,6,"[Rel_A1, Rel_A2, Rel_A3, Rel_A4, Rel_A5, Rel_A6]","[target_x, target_y, target_z, A1, A2, A3, A4, A5, A6]",[-distance_to_target**2],0,0,acktr,2,2000,,0.01,0.99,,0.25,0.5,8.0,20.0,500000,,,True,MlpPolicy,,0.25,174.189650297165,8.2439515542383,168.36029624939,2083.3333333333303,69.3411135673523,-0.123682718564129,0.000469284388284,-0.123350884390868,1.0,0.0,1.0,9.0,0.0,9.0,1.0,0.0,1.0,12.0,0.0,12.0,0.95,0.070710678118655,1.0,16.0,,16.0,0.25,0.14142135623731,0.35,,,,0.0,0.0,0.0,,,,0.0,0.0,0.0,,,,0.0,0.0,0.0,,,,,,linear,,False,0.001,1.0,1.0,,,,,,,,,,,,,,,,,,,,,,,,,,,,,,,,,,,
widowx_reacher-v5,6,"[Rel_A1, Rel_A2, Rel_A3, Rel_A4, Rel_A5, Rel_A6]","[target_x, target_y, target_z, A1, A2, A3, A4, A5, A6]",[-distance_to_target**2],0,0,ddpg,2,2000,,,0.99,,,,,,500000,,,,MlpPolicy,None,,1292.7709670066804,28.210701057400303,1272.82298898697,2083.3333333333303,69.3411135673523,-0.15294709772206302,0.039509137639777,-0.125009918578144,1.0,0.0,1.0,9.0,0.0,9.0,0.5,0.707106781186548,1.0,12.0,,12.0,0.5,0.707106781186548,1.0,13.0,,13.0,0.0,0.0,0.0,,,,0.0,0.0,0.0,,,,0.0,0.0,0.0,,,,0.0,0.0,0.0,,,,,,,,,,,,0.0001,128.0,50000.0,0.0,0.001,False,100.0,100.0,50.0,False,False,50.0,0.0,False,False,1.0,0.001,,,,,,,,,,,,,,,,,,
widowx_reacher-v5,6,"[Rel_A1, Rel_A2, Rel_A3, Rel_A4, Rel_A5, Rel_A6]","[target_x, target_y, target_z, A1, A2, A3, A4, A5, A6]",[-distance_to_target**2],0,0,sac,2,2000,,auto,0.99,,0.0003,,,,500000,,,,MlpPolicy,None,,1813.5958690643301,14.0486674007253,1803.66196107864,2083.3333333333303,69.3411135673523,-0.16610805889285998,0.050997644906330006,-0.13004727835505,1.0,0.0,1.0,11.5,3.53553390593274,14.0,0.5,0.707106781186548,1.0,12.0,,12.0,0.0,0.0,0.0,,,,0.0,0.0,0.0,,,,0.0,0.0,0.0,,,,0.0,0.0,0.0,,,,0.0,0.0,0.0,,,,,,,,,,,,,64.0,50000.0,,,,,,,,,,0.0,,,,0.005,1.0,100.0,auto,1.0,1.0,,,,,,,,,,,,,
widowx_reacher-v5,6,"[Rel_A1, Rel_A2, Rel_A3, Rel_A4, Rel_A5, Rel_A6]","[target_x, target_y, target_z, A1, A2, A3, A4, A5, A6]",[-distance_to_target**2],0,0,td3,2,2000,,,0.99,,0.0003,,,,500000,,,,MlpPolicy,None,,1357.7895779609696,6.49073672795097,1353.19993400574,2083.3333333333303,69.3411135673523,-0.14678520616871502,0.021171451229349,-0.13181472943688302,1.0,0.0,1.0,9.5,0.707106781186548,10.0,0.5,0.707106781186548,1.0,12.0,,12.0,0.0,0.0,0.0,,,,0.0,0.0,0.0,,,,0.0,0.0,0.0,,,,0.0,0.0,0.0,,,,0.0,0.0,0.0,,,,,,,,,,,,,128.0,50000.0,,,,,,,,,,0.0,,,,0.005,100.0,100.0,,,100.0,2.0,0.5,0.2,,,,,,,,,,
widowx_reacher-v5,6,"[Rel_A1, Rel_A2, Rel_A3, Rel_A4, Rel_A5, Rel_A6]","[target_x, target_y, target_z, A1, A2, A3, A4, A5, A6]",[-distance_to_target**2],0,0,trpo,2,2000,,,0.99,0.98,,,,,500000,,,,MlpPolicy,None,,376.228419065475,54.54733002029679,337.657632112503,2083.3333333333303,69.3411135673523,-0.12531083119059802,0.00019522736275299997,-0.125172784598521,1.0,0.0,1.0,9.0,0.0,9.0,1.0,0.0,1.0,12.0,0.0,12.0,0.75,0.14142135623731,0.85,13.0,0.0,13.0,0.15,0.21213203435596398,0.3,,,,0.0,0.0,0.0,,,,0.0,0.0,0.0,,,,0.0,0.0,0.0,,,,,,,,,,,,,,,,,,,,,,,,,,,,,,,,,,,,,0.01,10.0,0.0,0.01,1024.0,3.0,0.0003,,,
widowx_reacher-v6,6,"[Rel_A1, Rel_A2, Rel_A3, Rel_A4, Rel_A5, Rel_A6]","[target_x, target_y, target_z, A1, A2, A3, A4, A5, A6]",[-distance_to_target**2],0,1,her_td3,2,2000,,,0.99,,0.0003,,,,500000,,,,MlpPolicy,None,,1517.9495774507502,7.49818920088409,1512.64755702019,2083.3333333333303,69.3411135673523,-0.13576528751218594,0.0049570071019070005,-0.132260154176038,1.0,0.0,1.0,9.0,0.0,9.0,1.0,0.0,1.0,12.0,0.0,12.0,0.0,0.0,0.0,,,,0.0,0.0,0.0,,,,0.0,0.0,0.0,,,,0.0,0.0,0.0,,,,0.0,0.0,0.0,,,,,,,,,,,,,128.0,50000.0,,,,,,,,,,0.0,,,,0.005,100.0,100.0,,,100.0,2.0,0.5,0.2,,,,,,,,future,td3,4.0
widowx_reacher-v5,6,"[Rel_A1, Rel_A2, Rel_A3, Rel_A4, Rel_A5, Rel_A6]","[target_x, target_y, target_z, A1, A2, A3, A4, A5, A6]",[-distance_to_target**2],0,0,ppo2,2,2000,0.2,0.01,0.99,0.95,0.00025,0.5,8.0,128.0,10000,4.0,4.0,True,MlpPolicy,None,0.5,2.62542963027954,0.04023135853977101,2.5969817638397203,41.6666666666667,1.3868222713470502,-2.09752144536978,0.052975054956985984,-2.06006242477597,0.025,0.035355339059327,0.05,,,,0.0,0.0,0.0,,,,0.0,0.0,0.0,,,,0.0,0.0,0.0,,,,0.0,0.0,0.0,,,,0.0,0.0,0.0,,,,0.0,0.0,0.0,,,,,,,,,,,,,,,,,,,,,,,,,,,,,,,,,,,,,,,,,,,,,,
widowx_reacher-v5,6,"[Rel_A1, Rel_A2, Rel_A3, Rel_A4, Rel_A5, Rel_A6]","[target_x, target_y, target_z, A1, A2, A3, A4, A5, A6]",[-distance_to_target**2],0,0,ppo2,2,2000,0.2,0.01,0.99,0.95,0.00025,0.5,8.0,128.0,20000,4.0,4.0,True,MlpPolicy,None,0.5,4.880736351013179,0.079488956291546,4.82452917098999,83.3333333333333,2.77364454269409,-0.8240419494581149,0.187687710469218,-0.6913266966399529,0.1,0.14142135623731,0.2,,,,0.0,0.0,0.0,,,,0.0,0.0,0.0,,,,0.0,0.0,0.0,,,,0.0,0.0,0.0,,,,0.0,0.0,0.0,,,,0.0,0.0,0.0,,,,,,,,,,,,,,,,,,,,,,,,,,,,,,,,,,,,,,,,,,,,,,
widowx_reacher-v5,6,"[Rel_A1, Rel_A2, Rel_A3, Rel_A4, Rel_A5, Rel_A6]","[target_x, target_y, target_z, A1, A2, A3, A4, A5, A6]",[-distance_to_target**2],0,0,ppo2,2,2000,0.2,0.01,0.99,0.95,0.00025,0.5,8.0,128.0,30000,4.0,4.0,True,MlpPolicy,None,0.5,6.90071976184845,0.032712529352821,6.877588510513308,125.0,4.16046681404114,-0.415812992201973,0.11624577894014596,-0.333614813629083,0.475,0.24748737341529198,0.65,25.0,12.727922061357901,34.0,0.05,0.0,0.05,61.0,,61.0,0.0,0.0,0.0,,,,0.0,0.0,0.0,,,,0.0,0.0,0.0,,,,0.0,0.0,0.0,,,,0.0,0.0,0.0,,,,,,,,,,,,,,,,,,,,,,,,,,,,,,,,,,,,,,,,,,,,,,
widowx_reacher-v5,6,"[Rel_A1, Rel_A2, Rel_A3, Rel_A4, Rel_A5, Rel_A6]","[target_x, target_y, target_z, A1, A2, A3, A4, A5, A6]",[-distance_to_target**2],0,0,ppo2,2,2000,0.2,0.01,0.99,0.95,0.00025,0.5,8.0,128.0,40000,4.0,4.0,True,MlpPolicy,None,0.5,8.88943147659302,0.031288808810121,8.867306947708132,166.666666666667,5.54728908538818,-0.276827137431042,0.059558585666739015,-0.23471285762821,1.0,0.0,1.0,16.5,4.94974746830583,20.0,0.175,0.24748737341529198,0.35,28.0,,28.0,0.025,0.035355339059327,0.05,,,,0.0,0.0,0.0,,,,0.0,0.0,0.0,,,,0.0,0.0,0.0,,,,0.0,0.0,0.0,,,,,,,,,,,,,,,,,,,,,,,,,,,,,,,,,,,,,,,,,,,,,,
widowx_reacher-v5,6,"[Rel_A1, Rel_A2, Rel_A3, Rel_A4, Rel_A5, Rel_A6]","[target_x, target_y, target_z, A1, A2, A3, A4, A5, A6]",[-distance_to_target**2],0,0,ppo2,2,2000,0.2,0.01,0.99,0.95,0.00025,0.5,8.0,128.0,50000,4.0,4.0,True,MlpPolicy,None,0.5,10.9797018766403,0.17959733098638,10.8527073860168,208.333333333333,6.93411135673523,-0.21475563053492105,0.004227055994010001,-0.211766650577101,0.875,0.03535533905932798,0.9,10.5,0.707106781186548,11.0,0.075,0.035355339059327,0.1,,,,0.0,0.0,0.0,,,,0.0,0.0,0.0,,,,0.0,0.0,0.0,,,,0.0,0.0,0.0,,,,0.0,0.0,0.0,,,,,,,,,,,,,,,,,,,,,,,,,,,,,,,,,,,,,,,,,,,,,,
widowx_reacher-v5,6,"[Rel_A1, Rel_A2, Rel_A3, Rel_A4, Rel_A5, Rel_A6]","[target_x, target_y, target_z, A1, A2, A3, A4, A5, A6]",[-distance_to_target**2],0,0,ppo2,2,2000,0.2,0.01,0.99,0.95,0.00025,0.5,8.0,128.0,60000,4.0,4.0,True,MlpPolicy,None,0.5,13.0543149709702,0.025243096272327,13.0364654064178,250.0,8.32093362808228,-0.17849581751544394,0.008679797491554,-0.172358273849841,1.0,0.0,1.0,11.5,2.1213203435596397,13.0,0.65,0.2828427124746189,0.85,17.5,3.53553390593274,20.0,0.375,0.31819805153394604,0.6,23.0,,23.0,0.05,0.070710678118655,0.1,57.0,,57.0,0.05,0.070710678118655,0.1,75.0,,75.0,0.025,0.035355339059327,0.05,,,,0.0,0.0,0.0,,,,,,,,,,,,,,,,,,,,,,,,,,,,,,,,,,,,,,,,,,,,,,
widowx_reacher-v5,6,"[Rel_A1, Rel_A2, Rel_A3, Rel_A4, Rel_A5, Rel_A6]","[target_x, target_y, target_z, A1, A2, A3, A4, A5, A6]",[-distance_to_target**2],0,0,ppo2,2,2000,0.2,0.01,0.99,0.95,0.00025,0.5,8.0,128.0,70000,4.0,4.0,True,MlpPolicy,None,0.5,14.9508721828461,0.16932951575215602,14.8311381340027,291.66666666666697,9.707755899429321,-0.16695101622070802,0.013818998807067,-0.157179508455022,1.0,0.0,1.0,11.5,0.707106781186548,12.0,0.55,0.14142135623731,0.65,,,,0.2,0.0,0.2,,,,0.05,0.0,0.05,,,,0.0,0.0,0.0,,,,0.0,0.0,0.0,,,,0.0,0.0,0.0,,,,,,,,,,,,,,,,,,,,,,,,,,,,,,,,,,,,,,,,,,,,,,
widowx_reacher-v5,6,"[Rel_A1, Rel_A2, Rel_A3, Rel_A4, Rel_A5, Rel_A6]","[target_x, target_y, target_z, A1, A2, A3, A4, A5, A6]",[-distance_to_target**2],0,0,ppo2,2,2000,0.2,0.01,0.99,0.95,0.00025,0.5,8.0,128.0,80000,4.0,4.0,True,MlpPolicy,None,0.5,17.2254319190979,0.47161210806889703,16.8919517993927,333.33333333333303,11.094578170776401,-0.18255820259022892,0.009919774371406,-0.175543862864367,1.0,0.0,1.0,10.0,0.0,10.0,0.25,0.070710678118655,0.3,,,,0.025,0.035355339059327,0.05,,,,0.025,0.035355339059327,0.05,,,,0.0,0.0,0.0,,,,0.0,0.0,0.0,,,,0.0,0.0,0.0,,,,,,,,,,,,,,,,,,,,,,,,,,,,,,,,,,,,,,,,,,,,,,
widowx_reacher-v5,6,"[Rel_A1, Rel_A2, Rel_A3, Rel_A4, Rel_A5, Rel_A6]","[target_x, target_y, target_z, A1, A2, A3, A4, A5, A6]",[-distance_to_target**2],0,0,ppo2,2,2000,0.2,0.01,0.99,0.95,0.00025,0.5,8.0,128.0,90000,4.0,4.0,True,MlpPolicy,None,0.5,19.2097821235657,0.214437096077243,19.0581521987915,375.0,12.481400442123402,-0.15635799037957998,0.005680681647365,-0.152341141864966,1.0,0.0,1.0,9.5,0.707106781186548,10.0,0.75,0.070710678118655,0.8,12.0,0.0,12.0,0.2,0.070710678118655,0.25,13.0,,13.0,0.025,0.035355339059327,0.05,,,,0.025,0.035355339059327,0.05,,,,0.0,0.0,0.0,,,,0.0,0.0,0.0,,,,,,,,,,,,,,,,,,,,,,,,,,,,,,,,,,,,,,,,,,,,,,
widowx_reacher-v5,6,"[Rel_A1, Rel_A2, Rel_A3, Rel_A4, Rel_A5, Rel_A6]","[target_x, target_y, target_z, A1, A2, A3, A4, A5, A6]",[-distance_to_target**2],0,0,ppo2,2,2000,0.2,0.01,0.99,0.95,0.00025,0.5,8.0,128.0,100000,4.0,4.0,True,MlpPolicy,None,0.5,21.3708486557007,0.44493247861192803,21.056233882904,416.666666666667,13.8682227134705,-0.150707919012723,0.003520440758404,-0.14821859147969,1.0,0.0,1.0,11.0,0.0,11.0,0.825,0.24748737341529198,1.0,14.5,0.707106781186548,15.0,0.275,0.035355339059327,0.3,18.5,0.707106781186548,19.0,0.075,0.035355339059327,0.1,56.0,,56.0,0.0,0.0,0.0,,,,0.0,0.0,0.0,,,,0.0,0.0,0.0,,,,,,,,,,,,,,,,,,,,,,,,,,,,,,,,,,,,,,,,,,,,,,
widowx_reacher-v5,6,"[Rel_A1, Rel_A2, Rel_A3, Rel_A4, Rel_A5, Rel_A6]","[target_x, target_y, target_z, A1, A2, A3, A4, A5, A6]",[-distance_to_target**2],0,0,ppo2,2,2000,0.2,0.01,0.99,0.95,0.00025,0.5,8.0,128.0,120000,4.0,4.0,True,MlpPolicy,None,0.5,25.197544336318998,0.419028013992766,24.9012467861176,500.0,16.6418672561646,-0.13612501829905901,0.00019653368033700002,-0.13598604800096198,1.0,0.0,1.0,9.5,0.707106781186548,10.0,0.925,0.10606601717798199,1.0,12.0,0.0,12.0,0.525,0.10606601717798199,0.6,12.0,,12.0,0.075,0.035355339059327,0.1,,,,0.025,0.035355339059327,0.05,,,,0.0,0.0,0.0,,,,0.0,0.0,0.0,,,,,,,,,,,,,,,,,,,,,,,,,,,,,,,,,,,,,,,,,,,,,,
widowx_reacher-v5,6,"[Rel_A1, Rel_A2, Rel_A3, Rel_A4, Rel_A5, Rel_A6]","[target_x, target_y, target_z, A1, A2, A3, A4, A5, A6]",[-distance_to_target**2],0,0,ppo2,2,2000,0.2,0.01,0.99,0.95,0.00025,0.5,8.0,128.0,140000,4.0,4.0,True,MlpPolicy,None,0.5,29.5867810249329,0.1578824316966,29.47514128685,583.333333333333,19.415511798858603,-0.142247746349392,0.00615908962604,-0.137892612308883,1.0,0.0,1.0,9.0,0.0,9.0,0.925,0.035355339059327,0.95,12.0,0.0,12.0,0.475,0.24748737341529198,0.65,14.0,,14.0,0.1,0.14142135623731,0.2,,,,0.0,0.0,0.0,,,,0.0,0.0,0.0,,,,0.0,0.0,0.0,,,,,,,,,,,,,,,,,,,,,,,,,,,,,,,,,,,,,,,,,,,,,,
widowx_reacher-v5,6,"[Rel_A1, Rel_A2, Rel_A3, Rel_A4, Rel_A5, Rel_A6]","[target_x, target_y, target_z, A1, A2, A3, A4, A5, A6]",[-distance_to_target**2],0,0,ppo2,2,2000,0.2,0.01,0.99,0.95,0.00025,0.5,8.0,128.0,160000,4.0,4.0,True,MlpPolicy,None,0.5,34.003429412841804,0.829221037013288,33.4170815944672,666.666666666667,22.1891563415527,-0.133479076288803,0.0010133219032910001,-0.132762549499461,1.0,0.0,1.0,9.5,0.707106781186548,10.0,0.95,0.070710678118655,1.0,12.0,0.0,12.0,0.65,0.070710678118655,0.7,13.0,,13.0,0.2,0.14142135623731,0.3,,,,0.0,0.0,0.0,,,,0.0,0.0,0.0,,,,0.0,0.0,0.0,,,,,,,,,,,,,,,,,,,,,,,,,,,,,,,,,,,,,,,,,,,,,,
widowx_reacher-v5,6,"[Rel_A1, Rel_A2, Rel_A3, Rel_A4, Rel_A5, Rel_A6]","[target_x, target_y, target_z, A1, A2, A3, A4, A5, A6]",[-distance_to_target**2],0,0,ppo2,2,2000,0.2,0.01,0.99,0.95,0.00025,0.5,8.0,128.0,180000,4.0,4.0,True,MlpPolicy,None,0.5,38.613002181053204,0.0032539052924400002,38.6107013225555,750.0,24.962800884246803,-0.132638353636324,0.0007563569216239999,-0.132103528528046,1.0,0.0,1.0,9.0,0.0,9.0,0.975,0.03535533905932798,1.0,12.0,0.0,12.0,0.5,0.0,0.5,13.0,1.4142135623731005,14.0,0.1,0.070710678118655,0.15,,,,0.025,0.035355339059327,0.05,,,,0.0,0.0,0.0,,,,0.0,0.0,0.0,,,,,,,,,,,,,,,,,,,,,,,,,,,,,,,,,,,,,,,,,,,,,,
widowx_reacher-v5,6,"[Rel_A1, Rel_A2, Rel_A3, Rel_A4, Rel_A5, Rel_A6]","[target_x, target_y, target_z, A1, A2, A3, A4, A5, A6]",[-distance_to_target**2],0,0,ppo2,2,2000,0.2,0.01,0.99,0.95,0.00025,0.5,8.0,128.0,200000,4.0,4.0,True,MlpPolicy,None,0.5,42.1372286081314,0.488774136195144,41.79161310195921,833.333333333334,27.7364454269409,-0.13030051962674602,0.00033751211244700005,-0.130061862523303,1.0,0.0,1.0,9.0,0.0,9.0,0.975,0.03535533905932798,1.0,12.5,0.707106781186548,13.0,0.7,0.0,0.7,14.0,1.4142135623731005,15.0,0.325,0.24748737341529198,0.5,28.0,,28.0,0.0,0.0,0.0,,,,0.0,0.0,0.0,,,,0.0,0.0,0.0,,,,,,,,,,,,,,,,,,,,,,,,,,,,,,,,,,,,,,,,,,,,,,
widowx_reacher-v5,6,"[Rel_A1, Rel_A2, Rel_A3, Rel_A4, Rel_A5, Rel_A6]","[target_x, target_y, target_z, A1, A2, A3, A4, A5, A6]",[-distance_to_target**2],0,0,ppo2,2,2000,0.2,0.01,0.99,0.95,0.00025,0.5,8.0,128.0,1000000,4.0,4.0,True,MlpPolicy,None,0.5,203.33901953697202,1.4706286363914698,202.29912805557203,4166.6666666666715,138.68222713470502,-0.121867684777635,0.0004202939262190001,-0.121570492092314,1.0,0.0,1.0,9.0,0.0,9.0,1.0,0.0,1.0,12.0,0.0,12.0,0.975,0.03535533905932798,1.0,12.0,0.0,12.0,0.55,0.4949747468305829,0.9,22.0,,22.0,0.0,0.0,0.0,,,,0.0,0.0,0.0,,,,0.0,0.0,0.0,,,,,,,,,,,,,,,,,,,,,,,,,,,,,,,,,,,,,,,,,,,,,,
widowx_reacher-v5,6,"[Rel_A1, Rel_A2, Rel_A3, Rel_A4, Rel_A5, Rel_A6]","[target_x, target_y, target_z, A1, A2, A3, A4, A5, A6]",[-distance_to_target**2],0,0,ppo2,2,2000,0.2,0.01,0.99,0.95,0.00025,0.5,8.0,128.0,500000,4.0,4.0,False,MlpPolicy,None,0.5,92.4067455530167,0.845888429725391,91.80861210823059,2083.3333333333303,69.3411135673523,-0.135877492282381,0.005651643797255,-0.131881176628491,1.0,0.0,1.0,9.0,0.0,9.0,0.925,0.10606601717798199,1.0,12.0,0.0,12.0,0.35,0.070710678118655,0.4,39.0,,39.0,0.1,0.0,0.1,,,,0.025,0.035355339059327,0.05,,,,0.025,0.035355339059327,0.05,,,,0.025,0.035355339059327,0.05,,,,,,,,,,,,,,,,,,,,,,,,,,,,,,,,,,,,,,,,,,,,,,
widowx_reacher-v5,6,"[Rel_A1, Rel_A2, Rel_A3, Rel_A4, Rel_A5, Rel_A6]","[target_x, target_y, target_z, A1, A2, A3, A4, A5, A6]",[-distance_to_target**2],0,0,ppo2,2,2000,0.2,0.01,0.99,0.95,0.00025,0.5,1.0,128.0,500000,4.0,4.0,True,MlpPolicy,None,0.5,353.11916553974197,3.0883900664731403,350.935343980789,2083.3333333333303,69.3411135673523,-0.12091458432057599,0.0004681650004150001,-0.12058354167406801,1.0,0.0,1.0,9.0,0.0,9.0,1.0,0.0,1.0,12.0,0.0,12.0,1.0,0.0,1.0,12.0,0.0,12.0,0.9,0.070710678118655,0.95,25.0,8.48528137423857,31.0,0.0,0.0,0.0,,,,0.0,0.0,0.0,,,,0.0,0.0,0.0,,,,,,,,,,,,,,,,,,,,,,,,,,,,,,,,,,,,,,,,,,,,,,
widowx_reacher-v5,6,"[Rel_A1, Rel_A2, Rel_A3, Rel_A4, Rel_A5, Rel_A6]","[target_x, target_y, target_z, A1, A2, A3, A4, A5, A6]",[-distance_to_target**2],0,0,ppo2,2,2000,0.2,0.01,0.99,0.95,0.00025,0.5,2.0,128.0,500000,4.0,4.0,True,MlpPolicy,None,0.5,213.77230954170201,0.4507261529956471,213.45359802246102,2083.3333333333303,69.3411135673523,-0.121527393343604,0.0009322247072319999,-0.12086821093153,1.0,0.0,1.0,9.0,0.0,9.0,1.0,0.0,1.0,12.0,0.0,12.0,0.95,0.070710678118655,1.0,12.5,0.707106781186548,13.0,0.625,0.31819805153394604,0.85,16.0,0.0,16.0,0.0,0.0,0.0,,,,0.0,0.0,0.0,,,,0.0,0.0,0.0,,,,,,,,,,,,,,,,,,,,,,,,,,,,,,,,,,,,,,,,,,,,,,
widowx_reacher-v5,6,"[Rel_A1, Rel_A2, Rel_A3, Rel_A4, Rel_A5, Rel_A6]","[target_x, target_y, target_z, A1, A2, A3, A4, A5, A6]",[-distance_to_target**2],0,0,ppo2,2,2000,0.2,0.01,0.99,0.95,0.00025,0.5,3.0,128.0,500000,4.0,4.0,True,MlpPolicy,None,0.5,164.914485931396,0.387493741936955,164.640486478806,2083.3333333333303,69.3411135673523,-0.121286555972075,7.8453866088773e-05,-0.121231080711354,1.0,0.0,1.0,9.0,0.0,9.0,1.0,0.0,1.0,12.0,0.0,12.0,1.0,0.0,1.0,12.0,0.0,12.0,0.75,0.14142135623731,0.85,18.0,2.82842712474619,20.0,0.025,0.035355339059327,0.05,,,,0.025,0.035355339059327,0.05,,,,0.025,0.035355339059327,0.05,,,,,,,,,,,,,,,,,,,,,,,,,,,,,,,,,,,,,,,,,,,,,,
widowx_reacher-v5,6,"[Rel_A1, Rel_A2, Rel_A3, Rel_A4, Rel_A5, Rel_A6]","[target_x, target_y, target_z, A1, A2, A3, A4, A5, A6]",[-distance_to_target**2],0,0,ppo2,2,2000,0.2,0.01,0.99,0.95,0.00025,0.5,4.0,128.0,500000,4.0,4.0,True,MlpPolicy,None,0.5,139.58629584312402,0.628081777403409,139.142174959183,2083.3333333333303,69.3411135673523,-0.12234380949169,0.001118774111774,-0.121552716730639,1.0,0.0,1.0,9.0,0.0,9.0,1.0,0.0,1.0,12.5,0.707106781186548,13.0,1.0,0.0,1.0,13.5,0.707106781186548,14.0,0.35,0.353553390593274,0.6,,,,0.0,0.0,0.0,,,,0.0,0.0,0.0,,,,0.0,0.0,0.0,,,,,,,,,,,,,,,,,,,,,,,,,,,,,,,,,,,,,,,,,,,,,,
widowx_reacher-v5,6,"[Rel_A1, Rel_A2, Rel_A3, Rel_A4, Rel_A5, Rel_A6]","[target_x, target_y, target_z, A1, A2, A3, A4, A5, A6]",[-distance_to_target**2],0,0,ppo2,2,2000,0.2,0.01,0.99,0.95,0.00025,0.5,5.0,128.0,500000,4.0,4.0,True,MlpPolicy,None,0.5,123.721888422966,0.151923710254127,123.614462137222,2083.3333333333303,69.3411135673523,-0.12205505543908696,0.0011187136375369999,-0.12126400543977901,1.0,0.0,1.0,9.0,0.0,9.0,1.0,0.0,1.0,12.0,0.0,12.0,1.0,0.0,1.0,12.5,0.707106781186548,13.0,0.575,0.24748737341529198,0.75,16.0,,16.0,0.025,0.035355339059327,0.05,,,,0.025,0.035355339059327,0.05,,,,0.025,0.035355339059327,0.05,,,,,,,,,,,,,,,,,,,,,,,,,,,,,,,,,,,,,,,,,,,,,,
widowx_reacher-v5,6,"[Rel_A1, Rel_A2, Rel_A3, Rel_A4, Rel_A5, Rel_A6]","[target_x, target_y, target_z, A1, A2, A3, A4, A5, A6]",[-distance_to_target**2],0,0,ppo2,2,2000,0.2,0.01,0.99,0.95,0.00025,0.5,6.0,128.0,500000,4.0,4.0,True,MlpPolicy,None,0.5,114.22623932361601,0.007883989482438,114.22066450119,2083.3333333333303,69.3411135673523,-0.12237848463807904,0.000689924096198,-0.12189063463115404,1.0,0.0,1.0,9.0,0.0,9.0,1.0,0.0,1.0,12.0,0.0,12.0,0.975,0.03535533905932798,1.0,12.0,0.0,12.0,0.325,0.10606601717798199,0.4,22.0,,22.0,0.0,0.0,0.0,,,,0.0,0.0,0.0,,,,0.0,0.0,0.0,,,,,,,,,,,,,,,,,,,,,,,,,,,,,,,,,,,,,,,,,,,,,,
widowx_reacher-v5,6,"[Rel_A1, Rel_A2, Rel_A3, Rel_A4, Rel_A5, Rel_A6]","[target_x, target_y, target_z, A1, A2, A3, A4, A5, A6]",[-distance_to_target**2],0,0,ppo2,2,2000,0.2,0.01,0.99,0.95,0.00025,0.5,7.0,128.0,500000,4.0,4.0,True,MlpPolicy,None,0.5,107.302559614182,1.2523308889906102,106.417027950287,2083.3333333333303,69.3411135673523,-0.12376093678199099,0.00024115672719799997,-0.12359041322486099,1.0,0.0,1.0,9.0,0.0,9.0,1.0,0.0,1.0,12.0,0.0,12.0,0.95,0.070710678118655,1.0,12.0,0.0,12.0,0.3,0.070710678118655,0.35,22.0,,22.0,0.0,0.0,0.0,,,,0.0,0.0,0.0,,,,0.0,0.0,0.0,,,,,,,,,,,,,,,,,,,,,,,,,,,,,,,,,,,,,,,,,,,,,,
widowx_reacher-v5,6,"[Rel_A1, Rel_A2, Rel_A3, Rel_A4, Rel_A5, Rel_A6]","[target_x, target_y, target_z, A1, A2, A3, A4, A5, A6]",[-distance_to_target**2],0,0,ppo2,2,2000,0.2,0.01,0.9,0.95,0.00025,0.5,8.0,128.0,500000,4.0,4.0,True,MlpPolicy,None,0.5,103.440870761871,0.44136921545143,103.128775596619,2083.3333333333303,69.3411135673523,-0.121429699782925,0.00035630393431600004,-0.121177754854807,1.0,0.0,1.0,9.0,0.0,9.0,1.0,0.0,1.0,12.0,0.0,12.0,1.0,0.0,1.0,12.0,0.0,12.0,0.15,0.14142135623731,0.25,,,,0.0,0.0,0.0,,,,0.0,0.0,0.0,,,,0.0,0.0,0.0,,,,,,,,,,,,,,,,,,,,,,,,,,,,,,,,,,,,,,,,,,,,,,
widowx_reacher-v5,6,"[Rel_A1, Rel_A2, Rel_A3, Rel_A4, Rel_A5, Rel_A6]","[target_x, target_y, target_z, A1, A2, A3, A4, A5, A6]",[-distance_to_target**2],0,0,ppo2,2,2000,0.2,0.01,0.95,0.95,0.00025,0.5,8.0,128.0,500000,4.0,4.0,True,MlpPolicy,None,0.5,102.388604998589,0.5034601212650429,102.03260493278499,2083.3333333333303,69.3411135673523,-0.12164363838526199,0.000475600751604,-0.121307337868666,1.0,0.0,1.0,9.0,0.0,9.0,1.0,0.0,1.0,12.0,0.0,12.0,0.975,0.03535533905932798,1.0,12.0,0.0,12.0,0.325,0.24748737341529198,0.5,,,,0.0,0.0,0.0,,,,0.0,0.0,0.0,,,,0.0,0.0,0.0,,,,,,,,,,,,,,,,,,,,,,,,,,,,,,,,,,,,,,,,,,,,,,
widowx_reacher-v5,6,"[Rel_A1, Rel_A2, Rel_A3, Rel_A4, Rel_A5, Rel_A6]","[target_x, target_y, target_z, A1, A2, A3, A4, A5, A6]",[-distance_to_target**2],0,0,ppo2,2,2000,0.2,0.01,0.9990000000000001,0.95,0.00025,0.5,8.0,128.0,500000,4.0,4.0,True,MlpPolicy,None,0.5,101.332273364067,0.617629527560102,100.895543336868,2083.3333333333303,69.3411135673523,-0.125658139296382,0.0006176378253849999,-0.125221403401736,1.0,0.0,1.0,9.0,0.0,9.0,1.0,0.0,1.0,12.0,0.0,12.0,0.725,0.03535533905932798,0.75,12.0,,12.0,0.275,0.035355339059327,0.3,25.0,,25.0,0.0,0.0,0.0,,,,0.0,0.0,0.0,,,,0.0,0.0,0.0,,,,,,,,,,,,,,,,,,,,,,,,,,,,,,,,,,,,,,,,,,,,,,
widowx_reacher-v5,6,"[Rel_A1, Rel_A2, Rel_A3, Rel_A4, Rel_A5, Rel_A6]","[target_x, target_y, target_z, A1, A2, A3, A4, A5, A6]",[-distance_to_target**2],0,0,ppo2,2,2000,0.2,0.01,0.9999,0.95,0.00025,0.5,8.0,128.0,500000,4.0,4.0,True,MlpPolicy,None,0.5,102.80928313732201,1.29312718388784,101.894904136658,2083.3333333333303,69.3411135673523,-0.12611019044246602,0.002159696063793,-0.124583054710456,1.0,0.0,1.0,9.0,0.0,9.0,1.0,0.0,1.0,12.5,0.707106781186548,13.0,0.9,0.070710678118655,0.95,15.0,2.82842712474619,17.0,0.175,0.10606601717798199,0.25,,,,0.0,0.0,0.0,,,,0.0,0.0,0.0,,,,0.0,0.0,0.0,,,,,,,,,,,,,,,,,,,,,,,,,,,,,,,,,,,,,,,,,,,,,,
widowx_reacher-v5,6,"[Rel_A1, Rel_A2, Rel_A3, Rel_A4, Rel_A5, Rel_A6]","[target_x, target_y, target_z, A1, A2, A3, A4, A5, A6]",[-distance_to_target**2],0,0,ppo2,2,2000,0.2,0.01,0.99,0.95,0.00025,0.5,8.0,16.0,500000,4.0,4.0,True,MlpPolicy,None,0.5,155.503270506859,0.941585378080297,154.837469100952,2083.3333333333303,69.3411135673523,-0.12133322826669,0.0008209592523550001,-0.120752722412271,1.0,0.0,1.0,9.0,0.0,9.0,1.0,0.0,1.0,12.0,0.0,12.0,0.975,0.03535533905932798,1.0,12.5,0.707106781186548,13.0,0.6,0.42426406871192895,0.9,16.0,,16.0,0.0,0.0,0.0,,,,0.0,0.0,0.0,,,,0.0,0.0,0.0,,,,,,,,,,,,,,,,,,,,,,,,,,,,,,,,,,,,,,,,,,,,,,
widowx_reacher-v5,6,"[Rel_A1, Rel_A2, Rel_A3, Rel_A4, Rel_A5, Rel_A6]","[target_x, target_y, target_z, A1, A2, A3, A4, A5, A6]",[-distance_to_target**2],0,0,ppo2,2,2000,0.2,0.01,0.99,0.95,0.00025,0.5,8.0,32.0,500000,4.0,4.0,True,MlpPolicy,None,0.5,126.05068647861499,0.779651454130055,125.499389648438,2083.3333333333303,69.3411135673523,-0.12168693676595699,0.00036219894163800004,-0.121430823438186,1.0,0.0,1.0,9.0,0.0,9.0,1.0,0.0,1.0,12.0,0.0,12.0,0.95,0.070710678118655,1.0,12.0,0.0,12.0,0.675,0.10606601717798199,0.75,23.0,9.89949493661166,30.0,0.0,0.0,0.0,,,,0.0,0.0,0.0,,,,0.0,0.0,0.0,,,,,,,,,,,,,,,,,,,,,,,,,,,,,,,,,,,,,,,,,,,,,,
widowx_reacher-v5,6,"[Rel_A1, Rel_A2, Rel_A3, Rel_A4, Rel_A5, Rel_A6]","[target_x, target_y, target_z, A1, A2, A3, A4, A5, A6]",[-distance_to_target**2],0,0,ppo2,2,2000,0.2,0.01,0.99,0.95,0.00025,0.5,8.0,64.0,500000,4.0,4.0,True,MlpPolicy,None,0.5,111.79668629169501,1.45328723127799,110.769057035446,2083.3333333333303,69.3411135673523,-0.12180511022316999,0.00161122785645,-0.12066580007983699,1.0,0.0,1.0,9.0,0.0,9.0,1.0,0.0,1.0,12.0,0.0,12.0,0.975,0.03535533905932798,1.0,12.5,0.707106781186548,13.0,0.625,0.31819805153394604,0.85,17.0,,17.0,0.0,0.0,0.0,,,,0.0,0.0,0.0,,,,0.0,0.0,0.0,,,,,,,,,,,,,,,,,,,,,,,,,,,,,,,,,,,,,,,,,,,,,,
widowx_reacher-v5,6,"[Rel_A1, Rel_A2, Rel_A3, Rel_A4, Rel_A5, Rel_A6]","[target_x, target_y, target_z, A1, A2, A3, A4, A5, A6]",[-distance_to_target**2],0,0,ppo2,2,2000,0.2,0.01,0.99,0.95,0.00025,0.5,8.0,256.0,500000,4.0,4.0,True,MlpPolicy,None,0.5,99.18937754631041,0.15423487483907,99.0803170204163,2083.3333333333303,69.3411135673523,-0.129157334117235,0.0028740806885140004,-0.12712505217271,1.0,0.0,1.0,9.0,0.0,9.0,1.0,0.0,1.0,12.0,0.0,12.0,0.7,0.21213203435596398,0.85,12.0,,12.0,0.175,0.035355339059327,0.2,,,,0.0,0.0,0.0,,,,0.0,0.0,0.0,,,,0.0,0.0,0.0,,,,,,,,,,,,,,,,,,,,,,,,,,,,,,,,,,,,,,,,,,,,,,
widowx_reacher-v5,6,"[Rel_A1, Rel_A2, Rel_A3, Rel_A4, Rel_A5, Rel_A6]","[target_x, target_y, target_z, A1, A2, A3, A4, A5, A6]",[-distance_to_target**2],0,0,ppo2,2,2000,0.2,0.01,0.99,0.95,0.00025,0.5,8.0,512.0,500000,4.0,4.0,True,MlpPolicy,None,0.5,94.7509875297546,0.947040697564133,94.0813286304474,2083.3333333333303,69.3411135673523,-0.13296297287101,0.0030221850584899995,-0.130825965322151,1.0,0.0,1.0,9.5,0.707106781186548,10.0,0.975,0.03535533905932798,1.0,12.5,0.707106781186548,13.0,0.6,0.070710678118655,0.65,,,,0.175,0.176776695296637,0.3,,,,0.0,0.0,0.0,,,,0.0,0.0,0.0,,,,0.0,0.0,0.0,,,,,,,,,,,,,,,,,,,,,,,,,,,,,,,,,,,,,,,,,,,,,,
widowx_reacher-v5,6,"[Rel_A1, Rel_A2, Rel_A3, Rel_A4, Rel_A5, Rel_A6]","[target_x, target_y, target_z, A1, A2, A3, A4, A5, A6]",[-distance_to_target**2],0,0,ppo2,2,2000,0.2,0.01,0.99,0.95,0.00025,0.5,8.0,1024.0,500000,4.0,4.0,True,MlpPolicy,None,0.5,94.9161105155945,0.48268560245926595,94.57480025291441,2083.3333333333303,69.3411135673523,-0.14815063310417098,0.004905013887213001,-0.14468226452270902,1.0,0.0,1.0,10.5,2.1213203435596397,12.0,0.9,0.070710678118655,0.95,17.5,2.1213203435596397,19.0,0.4,0.14142135623731,0.5,26.0,,26.0,0.15,0.0,0.15,59.0,,59.0,0.025,0.035355339059327,0.05,,,,0.0,0.0,0.0,,,,0.0,0.0,0.0,,,,,,,,,,,,,,,,,,,,,,,,,,,,,,,,,,,,,,,,,,,,,,
widowx_reacher-v5,6,"[Rel_A1, Rel_A2, Rel_A3, Rel_A4, Rel_A5, Rel_A6]","[target_x, target_y, target_z, A1, A2, A3, A4, A5, A6]",[-distance_to_target**2],0,0,ppo2,2,2000,0.2,0.01,0.99,0.95,0.00025,0.5,8.0,2048.0,500000,4.0,4.0,True,MlpPolicy,None,0.5,92.73046338558201,1.40641521528682,91.7359776496887,2083.3333333333303,69.3411135673523,-0.23924299231527998,0.087414352572149,-0.177431710838482,0.925,0.10606601717798199,1.0,14.5,2.1213203435596397,16.0,0.35,0.353553390593274,0.6,,,,0.025,0.035355339059327,0.05,,,,0.0,0.0,0.0,,,,0.0,0.0,0.0,,,,0.0,0.0,0.0,,,,0.0,0.0,0.0,,,,,,,,,,,,,,,,,,,,,,,,,,,,,,,,,,,,,,,,,,,,,,
widowx_reacher-v5,6,"[Rel_A1, Rel_A2, Rel_A3, Rel_A4, Rel_A5, Rel_A6]","[target_x, target_y, target_z, A1, A2, A3, A4, A5, A6]",[-distance_to_target**2],0,0,ppo2,2,2000,0.2,0.1,0.99,0.95,0.00025,0.5,8.0,128.0,500000,4.0,4.0,True,MlpPolicy,None,0.5,103.835168480873,1.93829664237672,102.46458578109699,2083.3333333333303,69.3411135673523,-0.124906169041395,0.001154774862763,-0.12408961990519199,1.0,0.0,1.0,9.0,0.0,9.0,1.0,0.0,1.0,12.0,0.0,12.0,0.8,0.070710678118655,0.85,12.0,,12.0,0.15,0.0,0.15,,,,0.0,0.0,0.0,,,,0.0,0.0,0.0,,,,0.0,0.0,0.0,,,,,,,,,,,,,,,,,,,,,,,,,,,,,,,,,,,,,,,,,,,,,,
widowx_reacher-v5,6,"[Rel_A1, Rel_A2, Rel_A3, Rel_A4, Rel_A5, Rel_A6]","[target_x, target_y, target_z, A1, A2, A3, A4, A5, A6]",[-distance_to_target**2],0,0,ppo2,2,2000,0.2,1E-08,0.99,0.95,0.00025,0.5,8.0,128.0,500000,4.0,4.0,True,MlpPolicy,None,0.5,106.78326141834299,1.1077511827958302,105.99996304512,2083.3333333333303,69.3411135673523,-0.12250637594835302,0.000322527416783,-0.12227831462482801,1.0,0.0,1.0,9.0,0.0,9.0,1.0,0.0,1.0,12.0,0.0,12.0,0.95,0.0,0.95,12.0,0.0,12.0,0.35,0.070710678118655,0.4,,,,0.025,0.035355339059327,0.05,,,,0.0,0.0,0.0,,,,0.0,0.0,0.0,,,,,,,,,,,,,,,,,,,,,,,,,,,,,,,,,,,,,,,,,,,,,,
widowx_reacher-v5,6,"[Rel_A1, Rel_A2, Rel_A3, Rel_A4, Rel_A5, Rel_A6]","[target_x, target_y, target_z, A1, A2, A3, A4, A5, A6]",[-distance_to_target**2],0,0,ppo2,2,2000,0.2,0.01,0.99,0.95,1e-05,0.5,8.0,128.0,500000,4.0,4.0,True,MlpPolicy,None,0.5,101.891420960426,1.5727550021930101,100.77931523323099,2083.3333333333303,69.3411135673523,-0.3919993182838421,0.024922583379223998,-0.374376390571706,0.8,0.070710678118655,0.85,22.0,,22.0,0.15,0.070710678118655,0.2,,,,0.025,0.035355339059327,0.05,,,,0.025,0.035355339059327,0.05,,,,0.0,0.0,0.0,,,,0.0,0.0,0.0,,,,0.0,0.0,0.0,,,,,,,,,,,,,,,,,,,,,,,,,,,,,,,,,,,,,,,,,,,,,,
widowx_reacher-v5,6,"[Rel_A1, Rel_A2, Rel_A3, Rel_A4, Rel_A5, Rel_A6]","[target_x, target_y, target_z, A1, A2, A3, A4, A5, A6]",[-distance_to_target**2],0,0,ppo2,2,2000,0.2,0.01,0.99,0.95,0.0001,0.5,8.0,128.0,500000,4.0,4.0,True,MlpPolicy,None,0.5,102.605823516846,0.9143020371652548,101.959314346313,2083.3333333333303,69.3411135673523,-0.129052074695281,0.00188974617378,-0.12771582236108,1.0,0.0,1.0,9.0,0.0,9.0,1.0,0.0,1.0,12.0,0.0,12.0,0.725,0.10606601717798199,0.8,,,,0.2,0.070710678118655,0.25,,,,0.0,0.0,0.0,,,,0.0,0.0,0.0,,,,0.0,0.0,0.0,,,,,,,,,,,,,,,,,,,,,,,,,,,,,,,,,,,,,,,,,,,,,,
widowx_reacher-v5,6,"[Rel_A1, Rel_A2, Rel_A3, Rel_A4, Rel_A5, Rel_A6]","[target_x, target_y, target_z, A1, A2, A3, A4, A5, A6]",[-distance_to_target**2],0,0,ppo2,2,2000,0.2,0.01,0.99,0.95,0.001,0.5,8.0,128.0,500000,4.0,4.0,True,MlpPolicy,None,0.5,101.54950618743901,0.018373665727233,101.536514043808,2083.3333333333303,69.3411135673523,-0.121515360535545,0.00017981141138900006,-0.12138821466721801,1.0,0.0,1.0,9.0,0.0,9.0,1.0,0.0,1.0,12.0,0.0,12.0,1.0,0.0,1.0,12.0,0.0,12.0,0.35,0.0,0.35,,,,0.0,0.0,0.0,,,,0.0,0.0,0.0,,,,0.0,0.0,0.0,,,,,,,,,,,,,,,,,,,,,,,,,,,,,,,,,,,,,,,,,,,,,,
widowx_reacher-v5,6,"[Rel_A1, Rel_A2, Rel_A3, Rel_A4, Rel_A5, Rel_A6]","[target_x, target_y, target_z, A1, A2, A3, A4, A5, A6]",[-distance_to_target**2],0,0,ppo2,2,2000,0.2,0.01,0.99,0.95,0.01,0.5,8.0,128.0,500000,4.0,4.0,True,MlpPolicy,None,0.5,101.620839238167,0.8579791804514291,101.014156341553,2083.3333333333303,69.3411135673523,-0.121298755689918,0.000489456363673,-0.12095265777607002,1.0,0.0,1.0,9.0,0.0,9.0,1.0,0.0,1.0,12.0,0.0,12.0,1.0,0.0,1.0,13.0,1.4142135623731005,14.0,0.725,0.3889087296526009,1.0,21.0,,21.0,0.0,0.0,0.0,,,,0.0,0.0,0.0,,,,0.0,0.0,0.0,,,,,,,,,,,,,,,,,,,,,,,,,,,,,,,,,,,,,,,,,,,,,,
widowx_reacher-v5,6,"[Rel_A1, Rel_A2, Rel_A3, Rel_A4, Rel_A5, Rel_A6]","[target_x, target_y, target_z, A1, A2, A3, A4, A5, A6]",[-distance_to_target**2],0,0,ppo2,2,2000,0.2,0.01,0.99,0.95,0.1,0.5,8.0,128.0,500000,4.0,4.0,True,MlpPolicy,None,0.5,100.809564352036,0.666826869477302,100.338046550751,2083.3333333333303,69.3411135673523,-0.21599476987230398,0.096657921270964,-0.147647298286211,0.875,0.176776695296637,1.0,11.0,1.4142135623731005,12.0,0.725,0.24748737341529198,0.9,12.0,,12.0,0.35,0.14142135623731,0.45,12.0,,12.0,0.175,0.035355339059327,0.2,,,,0.0,0.0,0.0,,,,0.0,0.0,0.0,,,,0.0,0.0,0.0,,,,,,,,,,,,,,,,,,,,,,,,,,,,,,,,,,,,,,,,,,,,,,
widowx_reacher-v5,6,"[Rel_A1, Rel_A2, Rel_A3, Rel_A4, Rel_A5, Rel_A6]","[target_x, target_y, target_z, A1, A2, A3, A4, A5, A6]",[-distance_to_target**2],0,0,ppo2,2,2000,0.2,0.01,0.99,0.95,1.0,0.5,8.0,128.0,500000,4.0,4.0,True,MlpPolicy,None,0.5,104.094734549522,1.03122565571678,103.365547895432,2083.3333333333303,69.3411135673523,-2.8909686952829396,0.0,-2.8909686952829396,0.0,0.0,0.0,,,,0.0,0.0,0.0,,,,0.0,0.0,0.0,,,,0.0,0.0,0.0,,,,0.0,0.0,0.0,,,,0.0,0.0,0.0,,,,0.0,0.0,0.0,,,,,,,,,,,,,,,,,,,,,,,,,,,,,,,,,,,,,,,,,,,,,,
widowx_reacher-v5,6,"[Rel_A1, Rel_A2, Rel_A3, Rel_A4, Rel_A5, Rel_A6]","[target_x, target_y, target_z, A1, A2, A3, A4, A5, A6]",[-distance_to_target**2],0,0,ppo2,2,2000,0.2,0.01,0.99,0.8,0.00025,0.5,8.0,128.0,500000,4.0,4.0,True,MlpPolicy,None,0.5,103.40739262104,1.8097898897426297,102.12767791747999,2083.3333333333303,69.3411135673523,-0.12787779173068,0.000910018146921,-0.127234311727989,1.0,0.0,1.0,9.5,0.707106781186548,10.0,1.0,0.0,1.0,12.0,0.0,12.0,0.875,0.10606601717798199,0.95,12.5,0.707106781186548,13.0,0.55,0.5656854249492379,0.95,24.0,,24.0,0.0,0.0,0.0,,,,0.0,0.0,0.0,,,,0.0,0.0,0.0,,,,,,,,,,,,,,,,,,,,,,,,,,,,,,,,,,,,,,,,,,,,,,
widowx_reacher-v5,6,"[Rel_A1, Rel_A2, Rel_A3, Rel_A4, Rel_A5, Rel_A6]","[target_x, target_y, target_z, A1, A2, A3, A4, A5, A6]",[-distance_to_target**2],0,0,ppo2,2,2000,0.2,0.01,0.99,0.85,0.00025,0.5,8.0,128.0,500000,4.0,4.0,True,MlpPolicy,None,0.5,104.21112620830499,2.67185073959125,102.321842432022,2083.3333333333303,69.3411135673523,-0.12661892406499098,0.002637152225584,-0.124754175843259,1.0,0.0,1.0,9.0,0.0,9.0,1.0,0.0,1.0,12.0,0.0,12.0,0.95,0.0,0.95,12.5,0.707106781186548,13.0,0.4,0.14142135623731,0.5,21.0,,21.0,0.05,0.070710678118655,0.1,,,,0.0,0.0,0.0,,,,0.0,0.0,0.0,,,,,,,,,,,,,,,,,,,,,,,,,,,,,,,,,,,,,,,,,,,,,,
widowx_reacher-v5,6,"[Rel_A1, Rel_A2, Rel_A3, Rel_A4, Rel_A5, Rel_A6]","[target_x, target_y, target_z, A1, A2, A3, A4, A5, A6]",[-distance_to_target**2],0,0,ppo2,2,2000,0.2,0.01,0.99,0.9,0.00025,0.5,8.0,128.0,500000,4.0,4.0,True,MlpPolicy,None,0.5,103.055099844933,0.122222657521096,102.96867537498501,2083.3333333333303,69.3411135673523,-0.124764492668135,0.001101553646974,-0.12398557661451799,1.0,0.0,1.0,9.0,0.0,9.0,1.0,0.0,1.0,12.0,0.0,12.0,0.9,0.14142135623731,1.0,12.0,,12.0,0.325,0.10606601717798199,0.4,18.0,,18.0,0.0,0.0,0.0,,,,0.0,0.0,0.0,,,,0.0,0.0,0.0,,,,,,,,,,,,,,,,,,,,,,,,,,,,,,,,,,,,,,,,,,,,,,
widowx_reacher-v5,6,"[Rel_A1, Rel_A2, Rel_A3, Rel_A4, Rel_A5, Rel_A6]","[target_x, target_y, target_z, A1, A2, A3, A4, A5, A6]",[-distance_to_target**2],0,0,ppo2,2,2000,0.2,0.01,0.99,0.99,0.00025,0.5,8.0,128.0,500000,4.0,4.0,True,MlpPolicy,None,0.5,103.108936190605,0.269431146951218,102.91841959953301,2083.3333333333303,69.3411135673523,-0.12336216318467999,0.0008699898435610003,-0.122746987466735,1.0,0.0,1.0,9.0,0.0,9.0,1.0,0.0,1.0,12.0,0.0,12.0,0.85,0.070710678118655,0.9,12.5,0.707106781186548,13.0,0.325,0.035355339059327,0.35,64.0,,64.0,0.0,0.0,0.0,,,,0.0,0.0,0.0,,,,0.0,0.0,0.0,,,,,,,,,,,,,,,,,,,,,,,,,,,,,,,,,,,,,,,,,,,,,,
widowx_reacher-v5,6,"[Rel_A1, Rel_A2, Rel_A3, Rel_A4, Rel_A5, Rel_A6]","[target_x, target_y, target_z, A1, A2, A3, A4, A5, A6]",[-distance_to_target**2],0,0,ppo2,2,2000,0.2,0.01,0.99,1.0,0.00025,0.5,8.0,128.0,500000,4.0,4.0,True,MlpPolicy,None,0.5,103.33447635173799,0.596174758619328,102.912917137146,2083.3333333333303,69.3411135673523,-0.122148715094724,0.000300904252607,-0.121935943657218,1.0,0.0,1.0,9.0,0.0,9.0,1.0,0.0,1.0,12.0,0.0,12.0,0.925,0.10606601717798199,1.0,12.0,0.0,12.0,0.175,0.10606601717798199,0.25,,,,0.025,0.035355339059327,0.05,,,,0.025,0.035355339059327,0.05,,,,0.0,0.0,0.0,,,,,,,,,,,,,,,,,,,,,,,,,,,,,,,,,,,,,,,,,,,,,,
widowx_reacher-v5,6,"[Rel_A1, Rel_A2, Rel_A3, Rel_A4, Rel_A5, Rel_A6]","[target_x, target_y, target_z, A1, A2, A3, A4, A5, A6]",[-distance_to_target**2],0,0,ppo2,2,2000,0.1,0.01,0.99,0.95,0.00025,0.5,8.0,128.0,500000,4.0,4.0,True,MlpPolicy,None,0.5,102.423968076706,0.48361283312648495,102.08200216293301,2083.3333333333303,69.3411135673523,-0.123271390213469,0.000953204512018,-0.12259737283916401,1.0,0.0,1.0,9.0,0.0,9.0,1.0,0.0,1.0,12.0,0.0,12.0,0.9,0.0,0.9,12.0,0.0,12.0,0.25,0.070710678118655,0.3,,,,0.025,0.035355339059327,0.05,,,,0.0,0.0,0.0,,,,0.0,0.0,0.0,,,,,,,,,,,,,,,,,,,,,,,,,,,,,,,,,,,,,,,,,,,,,,
widowx_reacher-v5,6,"[Rel_A1, Rel_A2, Rel_A3, Rel_A4, Rel_A5, Rel_A6]","[target_x, target_y, target_z, A1, A2, A3, A4, A5, A6]",[-distance_to_target**2],0,0,ppo2,2,2000,0.3,0.01,0.99,0.95,0.00025,0.5,8.0,128.0,500000,4.0,4.0,True,MlpPolicy,None,0.5,103.747725605965,0.671538718553406,103.272876024246,2083.3333333333303,69.3411135673523,-0.123070980605445,0.00040197833687999996,-0.122786738997547,1.0,0.0,1.0,9.0,0.0,9.0,1.0,0.0,1.0,12.0,0.0,12.0,0.925,0.10606601717798199,1.0,12.0,0.0,12.0,0.15,0.21213203435596398,0.3,17.0,,17.0,0.0,0.0,0.0,,,,0.0,0.0,0.0,,,,0.0,0.0,0.0,,,,,,,,,,,,,,,,,,,,,,,,,,,,,,,,,,,,,,,,,,,,,,
widowx_reacher-v5,6,"[Rel_A1, Rel_A2, Rel_A3, Rel_A4, Rel_A5, Rel_A6]","[target_x, target_y, target_z, A1, A2, A3, A4, A5, A6]",[-distance_to_target**2],0,0,ppo2,2,2000,0.4,0.01,0.99,0.95,0.00025,0.5,8.0,128.0,500000,4.0,4.0,True,MlpPolicy,None,0.5,103.11146175861401,0.04636473652248002,103.078676939011,2083.3333333333303,69.3411135673523,-0.12431101267555696,0.000767255480365,-0.123768481122488,1.0,0.0,1.0,9.0,0.0,9.0,1.0,0.0,1.0,13.0,1.4142135623731005,14.0,0.975,0.03535533905932798,1.0,16.0,5.65685424949238,20.0,0.225,0.10606601717798199,0.3,68.0,,68.0,0.025,0.035355339059327,0.05,,,,0.0,0.0,0.0,,,,0.0,0.0,0.0,,,,,,,,,,,,,,,,,,,,,,,,,,,,,,,,,,,,,,,,,,,,,,
widowx_reacher-v5,6,"[Rel_A1, Rel_A2, Rel_A3, Rel_A4, Rel_A5, Rel_A6]","[target_x, target_y, target_z, A1, A2, A3, A4, A5, A6]",[-distance_to_target**2],0,0,ppo2,2,2000,0.2,0.01,0.99,0.95,0.00025,0.5,8.0,128.0,500000,4.0,1.0,True,MlpPolicy,None,0.5,93.34270763397221,0.593590145281256,92.92297601699828,2083.3333333333303,69.3411135673523,-0.140626070038957,0.004905103866765,-0.137157637832343,1.0,0.0,1.0,9.0,0.0,9.0,0.8,0.21213203435596398,0.95,12.0,0.0,12.0,0.375,0.31819805153394604,0.6,,,,0.025,0.035355339059327,0.05,,,,0.0,0.0,0.0,,,,0.0,0.0,0.0,,,,0.0,0.0,0.0,,,,,,,,,,,,,,,,,,,,,,,,,,,,,,,,,,,,,,,,,,,,,,
widowx_reacher-v5,6,"[Rel_A1, Rel_A2, Rel_A3, Rel_A4, Rel_A5, Rel_A6]","[target_x, target_y, target_z, A1, A2, A3, A4, A5, A6]",[-distance_to_target**2],0,0,ppo2,2,2000,0.2,0.01,0.99,0.95,0.00025,0.5,8.0,128.0,500000,4.0,5.0,True,MlpPolicy,None,0.5,104.75479376316099,1.2648136054078,103.86043548584,2083.3333333333303,69.3411135673523,-0.12205643089880001,0.0015399286752029995,-0.120967536890021,1.0,0.0,1.0,9.0,0.0,9.0,1.0,0.0,1.0,12.0,0.0,12.0,1.0,0.0,1.0,13.0,1.4142135623731005,14.0,0.6,0.353553390593274,0.85,17.0,,17.0,0.025,0.035355339059327,0.05,,,,0.0,0.0,0.0,,,,0.0,0.0,0.0,,,,,,,,,,,,,,,,,,,,,,,,,,,,,,,,,,,,,,,,,,,,,,
widowx_reacher-v5,6,"[Rel_A1, Rel_A2, Rel_A3, Rel_A4, Rel_A5, Rel_A6]","[target_x, target_y, target_z, A1, A2, A3, A4, A5, A6]",[-distance_to_target**2],0,0,ppo2,2,2000,0.2,0.01,0.99,0.95,0.00025,0.5,8.0,128.0,500000,4.0,10.0,True,MlpPolicy,None,0.5,115.754017591476,0.17712465967795302,115.62877154350299,2083.3333333333303,69.3411135673523,-0.12103646285971198,0.00029343216790900017,-0.12082897498396496,1.0,0.0,1.0,9.0,0.0,9.0,1.0,0.0,1.0,12.0,0.0,12.0,1.0,0.0,1.0,12.0,0.0,12.0,0.775,0.10606601717798199,0.85,28.5,2.1213203435596397,30.0,0.0,0.0,0.0,,,,0.0,0.0,0.0,,,,0.0,0.0,0.0,,,,,,,,,,,,,,,,,,,,,,,,,,,,,,,,,,,,,,,,,,,,,,
widowx_reacher-v5,6,"[Rel_A1, Rel_A2, Rel_A3, Rel_A4, Rel_A5, Rel_A6]","[target_x, target_y, target_z, A1, A2, A3, A4, A5, A6]",[-distance_to_target**2],0,0,ppo2,2,2000,0.2,0.01,0.99,0.95,0.00025,0.5,8.0,128.0,500000,4.0,20.0,True,MlpPolicy,None,0.5,137.717117786408,1.7542887279873502,136.476648330688,2083.3333333333303,69.3411135673523,-0.12096095928029599,0.00026573443071,-0.12077305666234699,1.0,0.0,1.0,9.0,0.0,9.0,1.0,0.0,1.0,12.0,0.0,12.0,1.0,0.0,1.0,12.0,0.0,12.0,0.875,0.03535533905932798,0.9,19.5,4.94974746830583,23.0,0.0,0.0,0.0,,,,0.0,0.0,0.0,,,,0.0,0.0,0.0,,,,,,,,,,,,,,,,,,,,,,,,,,,,,,,,,,,,,,,,,,,,,,
widowx_reacher-v5,6,"[Rel_A1, Rel_A2, Rel_A3, Rel_A4, Rel_A5, Rel_A6]","[target_x, target_y, target_z, A1, A2, A3, A4, A5, A6]",[-distance_to_target**2],0,0,ppo2,2,2000,0.2,0.01,0.99,0.95,0.00025,0.5,8.0,128.0,500000,4.0,30.0,True,MlpPolicy,None,0.5,155.96030855178802,1.1328685128721598,155.159249544144,2083.3333333333303,69.3411135673523,-0.12041691564752499,0.000418803381306,-0.120120776936619,1.0,0.0,1.0,9.0,0.0,9.0,1.0,0.0,1.0,12.0,0.0,12.0,1.0,0.0,1.0,12.0,0.0,12.0,0.925,0.10606601717798199,1.0,15.5,2.1213203435596397,17.0,0.025,0.035355339059327,0.05,,,,0.0,0.0,0.0,,,,0.0,0.0,0.0,,,,,,,,,,,,,,,,,,,,,,,,,,,,,,,,,,,,,,,,,,,,,,
widowx_reacher-v5,6,"[Rel_A1, Rel_A2, Rel_A3, Rel_A4, Rel_A5, Rel_A6]","[target_x, target_y, target_z, A1, A2, A3, A4, A5, A6]",[-distance_to_target**2],0,0,ppo2,2,2000,0.2,0.01,0.99,0.95,0.00025,0.5,8.0,128.0,500000,4.0,50.0,True,MlpPolicy,None,0.5,195.385290026665,0.932092559096491,194.726201057434,2083.3333333333303,69.3411135673523,-0.12043247571380099,0.000238155748815,-0.12026407416883599,1.0,0.0,1.0,9.0,0.0,9.0,1.0,0.0,1.0,12.0,0.0,12.0,1.0,0.0,1.0,12.0,0.0,12.0,0.975,0.03535533905932798,1.0,23.0,9.89949493661166,30.0,0.0,0.0,0.0,,,,0.0,0.0,0.0,,,,0.0,0.0,0.0,,,,,,,,,,,,,,,,,,,,,,,,,,,,,,,,,,,,,,,,,,,,,,
widowx_reacher-v5,6,"[Rel_A1, Rel_A2, Rel_A3, Rel_A4, Rel_A5, Rel_A6]","[target_x, target_y, target_z, A1, A2, A3, A4, A5, A6]",[-distance_to_target**2],0,0,ppo2,2,2000,0.2,1E-06,0.99,0.95,0.00025,0.5,8.0,128.0,500000,4.0,4.0,True,MlpPolicy,None,0.5,102.699892520905,1.6483504326191205,101.534332752228,2083.3333333333303,69.3411135673523,-0.123713954855577,0.000405207238812,-0.12342743006922804,1.0,0.0,1.0,9.0,0.0,9.0,1.0,0.0,1.0,12.0,0.0,12.0,0.875,0.10606601717798199,0.95,13.0,,13.0,0.3,0.0,0.3,,,,0.0,0.0,0.0,,,,0.0,0.0,0.0,,,,0.0,0.0,0.0,,,,,,,,,,,,,,,,,,,,,,,,,,,,,,,,,,,,,,,,,,,,,,
widowx_reacher-v5,6,"[Rel_A1, Rel_A2, Rel_A3, Rel_A4, Rel_A5, Rel_A6]","[target_x, target_y, target_z, A1, A2, A3, A4, A5, A6]",[-distance_to_target**2],0,0,ppo2,2,2000,0.2,0.0001,0.99,0.95,0.00025,0.5,8.0,128.0,500000,4.0,4.0,True,MlpPolicy,None,0.5,101.538410425186,1.6307580008758795,100.385290384293,2083.3333333333303,69.3411135673523,-0.123307331388514,0.000620814882066,-0.12286834897554401,1.0,0.0,1.0,9.0,0.0,9.0,1.0,0.0,1.0,12.0,0.0,12.0,0.975,0.03535533905932798,1.0,12.0,0.0,12.0,0.375,0.10606601717798199,0.45,20.0,,20.0,0.0,0.0,0.0,,,,0.0,0.0,0.0,,,,0.0,0.0,0.0,,,,,,,,,,,,,,,,,,,,,,,,,,,,,,,,,,,,,,,,,,,,,,
widowx_reacher-v5,6,"[Rel_A1, Rel_A2, Rel_A3, Rel_A4, Rel_A5, Rel_A6]","[target_x, target_y, target_z, A1, A2, A3, A4, A5, A6]",[-distance_to_target**2],0,0,ppo2,2,2000,0.2,0.01,0.99,0.95,0.00025,0.5,8.0,128.0,500000,8.0,4.0,True,MlpPolicy,None,0.5,110.389943122864,1.46118403340236,109.356729984283,2083.3333333333303,69.3411135673523,-0.12187316166107401,0.001044225578375,-0.12113478267351599,1.0,0.0,1.0,9.0,0.0,9.0,1.0,0.0,1.0,12.0,0.0,12.0,1.0,0.0,1.0,12.0,0.0,12.0,0.65,0.353553390593274,0.9,16.0,,16.0,0.025,0.035355339059327,0.05,,,,0.0,0.0,0.0,,,,0.0,0.0,0.0,,,,,,,,,,,,,,,,,,,,,,,,,,,,,,,,,,,,,,,,,,,,,,
widowx_reacher-v5,6,"[Rel_A1, Rel_A2, Rel_A3, Rel_A4, Rel_A5, Rel_A6]","[target_x, target_y, target_z, A1, A2, A3, A4, A5, A6]",[-distance_to_target**2],0,0,ppo2,2,2000,0.2,0.01,0.99,0.95,0.00025,0.5,8.0,128.0,500000,2.0,4.0,True,MlpPolicy,None,0.5,99.95510244369508,0.564103535713448,99.5562210083008,2083.3333333333303,69.3411135673523,-0.130693301020545,0.00195921356906,-0.129307927820071,1.0,0.0,1.0,9.5,0.707106781186548,10.0,1.0,0.0,1.0,12.5,0.707106781186548,13.0,0.725,0.03535533905932798,0.75,13.0,,13.0,0.175,0.035355339059327,0.2,27.0,,27.0,0.0,0.0,0.0,,,,0.0,0.0,0.0,,,,0.0,0.0,0.0,,,,,,,,,,,,,,,,,,,,,,,,,,,,,,,,,,,,,,,,,,,,,,
widowx_reacher-v5,6,"[Rel_A1, Rel_A2, Rel_A3, Rel_A4, Rel_A5, Rel_A6]","[target_x, target_y, target_z, A1, A2, A3, A4, A5, A6]",[-distance_to_target**2],0,0,ppo2,2,2000,0.2,0.01,0.99,0.95,0.00025,0.5,8.0,128.0,500000,1.0,4.0,True,MlpPolicy,None,0.5,94.4884872436523,0.97801155054912,93.7969286441803,2083.3333333333303,69.3411135673523,-0.132514296015539,0.004051341789353,-0.12964956476338302,1.0,0.0,1.0,9.5,0.707106781186548,10.0,1.0,0.0,1.0,12.0,0.0,12.0,0.7,0.070710678118655,0.75,13.0,,13.0,0.15,0.070710678118655,0.2,,,,0.05,0.0,0.05,,,,0.025,0.035355339059327,0.05,,,,0.025,0.035355339059327,0.05,,,,,,,,,,,,,,,,,,,,,,,,,,,,,,,,,,,,,,,,,,,,,,
widowx_reacher-v5,6,"[Rel_A1, Rel_A2, Rel_A3, Rel_A4, Rel_A5, Rel_A6]","[target_x, target_y, target_z, A1, A2, A3, A4, A5, A6]",[-distance_to_target**2],0,0,ppo2,2,2000,0.1,0.0001,0.95,0.99,0.01,0.5,8.0,16.0,500000,8.0,20.0,True,MlpPolicy,None,0.5,661.407207012177,8.17454479846012,655.626930952072,2083.3333333333303,69.3411135673523,-0.210035195442288,0.075875138654315,-0.156383370376352,0.775,0.31819805153394604,1.0,10.0,1.4142135623731005,11.0,0.45,0.636396103067893,0.9,12.0,,12.0,0.05,0.070710678118655,0.1,,,,0.0,0.0,0.0,,,,0.0,0.0,0.0,,,,0.0,0.0,0.0,,,,0.0,0.0,0.0,,,,,,,,,,,,,,,,,,,,,,,,,,,,,,,,,,,,,,,,,,,,,,
widowx_reacher-v5,6,"[Rel_A1, Rel_A2, Rel_A3, Rel_A4, Rel_A5, Rel_A6]","[target_x, target_y, target_z, A1, A2, A3, A4, A5, A6]",[-distance_to_target**2],0,0,ppo2,2,2000,0.2,0.01,0.99,0.95,0.00025,0.5,8.0,128.0,500000,4.0,25.0,True,MlpPolicy,None,0.5,147.36998546123502,1.74172913571852,146.13839697837798,2083.3333333333303,69.3411135673523,-0.12075904148428,7.56965966122289e-05,-0.12070551590750304,1.0,0.0,1.0,9.0,0.0,9.0,1.0,0.0,1.0,12.0,0.0,12.0,0.975,0.03535533905932798,1.0,12.0,0.0,12.0,0.875,0.03535533905932798,0.9,16.5,0.707106781186548,17.0,0.025,0.035355339059327,0.05,,,,0.0,0.0,0.0,,,,0.0,0.0,0.0,,,,,,,,,,,,,,,,,,,,,,,,,,,,,,,,,,,,,,,,,,,,,,
widowx_reacher-v14,6,"[Rel_A1, Rel_A2, Rel_A3, Rel_A4, Rel_A5, Rel_A6]","[target_x, target_y, target_z, A1, A2, A3, A4, A5, A6]",[-distance_to_target**3],0,0,ppo2,2,2000,0.2,0.01,0.99,0.95,0.00025,0.5,8.0,128.0,500000,4.0,20.0,True,MlpPolicy,None,0.5,137.43975794315338,1.443457574680844,136.41907930374146,2083.333333333333,69.3411135673523,-0.014738387747299563,9.420517647181494e-05,-0.014671774628193468,1.0,0.0,1.0,9.0,0.0,9.0,1.0,0.0,1.0,12.0,0.0,12.0,0.925,0.035355339059327334,0.95,12.0,0.0,12.0,0.5,0.07071067811865478,0.55,33.0,,33.0,0.0,0.0,0.0,,,,0.0,0.0,0.0,,,,0.0,0.0,0.0,,,,,,,,,,,,,,,,,,,,,,,,,,,,,,,,,,,,,,,,,,,,,,
widowx_reacher-v15,6,"[Rel_A1, Rel_A2, Rel_A3, Rel_A4, Rel_A5, Rel_A6]","[target_x, target_y, target_z, A1, A2, A3, A4, A5, A6]",[-distance_to_target**4],0,0,ppo2,2,2000,0.2,0.01,0.99,0.95,0.00025,0.5,8.0,128.0,500000,4.0,20.0,True,MlpPolicy,None,0.5,140.5093159675598,1.6816575697107117,139.3202044963837,2083.333333333333,69.3411135673523,-0.0019520962419423032,3.486170240602518e-05,-0.0019274452957672953,1.0,0.0,1.0,9.0,0.0,9.0,0.975,0.03535533905932741,1.0,12.0,,12.0,0.575,0.2474873734152916,0.75,15.0,,15.0,0.275,0.10606601717798213,0.35,,,,0.0,0.0,0.0,,,,0.0,0.0,0.0,,,,0.0,0.0,0.0,,,,,,,,,,,,,,,,,,,,,,,,,,,,,,,,,,,,,,,,,,,,,,
widowx_reacher-v16,6,"[Rel_A1, Rel_A2, Rel_A3, Rel_A4, Rel_A5, Rel_A6]","[target_x, target_y, target_z, A1, A2, A3, A4, A5, A6]",[-distance_to_target],0,0,ppo2,2,2000,0.2,0.01,0.99,0.95,0.00025,0.5,8.0,128.0,500000,4.0,20.0,True,MlpPolicy,None,0.5,136.67979407310486,0.6439647329710628,136.22444224357605,2083.3333333333335,69.3411135673523,-1.4793260258971714,0.03182909431551369,-1.4568194574676454,1.0,0.0,1.0,9.0,0.0,9.0,1.0,0.0,1.0,12.0,0.0,12.0,1.0,0.0,1.0,12.5,0.7071067811865476,13.0,0.625,0.10606601717798207,0.7,16.0,,16.0,0.125,0.03535533905932737,0.15,,,,0.0,0.0,0.0,,,,0.0,0.0,0.0,,,,,,,,,,,,,,,,,,,,,,,,,,,,,,,,,,,,,,,,,,,,,,
