#{"t_start": 1589940301.5362508, "env_id": "widowx_reach-v3"}
r,l,t
-1.50024,100,3.366579
-1.94988,100,3.569657
-1.464239,100,3.771285
-1.800222,100,3.976498
-1.402064,100,4.180631
-1.380352,100,4.383426
-1.826911,100,4.591792
-1.816541,100,4.801898
-2.950674,100,5.008672
-1.609847,100,5.210894
-1.760867,100,5.414671
-1.590409,100,5.615719
-2.129755,100,6.425756
-1.690997,100,6.629036
-1.70996,100,6.832179
-1.398598,100,7.032699
-1.711476,100,7.230861
-1.303156,100,7.436929
-1.620746,100,7.642913
-1.597383,100,7.847008
-1.967946,100,8.052076
-1.716417,100,8.253587
-1.64618,100,8.45922
-1.873063,100,8.657802
-1.695141,100,8.854852
-1.643845,100,9.479737
-1.897171,100,9.685722
-2.138162,100,9.890172
-1.584199,100,10.091704
-1.795061,100,10.297441
-1.758108,100,10.502172
-1.655016,100,10.704007
-2.452398,100,10.910993
-1.587495,100,11.11133
-1.673336,100,11.313722
-2.268399,100,11.52018
-2.279669,100,11.727623
-2.249133,100,12.345077
-1.820367,100,12.554502
-1.859865,100,12.765853
-2.887834,100,12.974502
-1.591453,100,13.175102
-1.703632,100,13.376109
-2.039695,100,13.57611
-1.982984,100,13.778956
-1.427451,100,13.984892
-1.695406,100,14.188762
-2.142638,100,14.390769
-1.851598,100,14.59252
-1.920725,100,14.792645
-2.658184,100,15.411958
-1.85381,100,15.614142
-1.684576,100,15.816419
-1.84466,100,16.01464
-2.420795,100,16.219722
-1.4681,100,16.422734
-1.6899,100,16.629581
-2.100394,100,16.834258
-2.260648,100,17.036123
-1.788288,100,17.246487
-1.884974,100,17.45992
-1.568255,100,17.675578
-1.799745,100,18.298802
-1.967218,100,18.508775
-3.140595,100,18.716872
-1.966893,100,18.930931
-3.491326,100,19.140977
-2.301053,100,19.358025
-1.663905,100,19.568993
-2.428007,100,19.780738
-1.402071,100,19.996046
-2.01074,100,20.20946
-2.963917,100,20.420813
-1.930841,100,20.635012
-1.709024,100,20.855788
-1.879257,100,21.639547
-1.750885,100,21.870802
-1.623297,100,22.094354
-2.17093,100,22.300331
-1.79771,100,22.504358
-1.95151,100,22.705336
-2.412901,100,22.910422
-2.585901,100,23.118815
-1.77581,100,23.321953
-2.190278,100,23.52525
-2.53654,100,23.729884
-2.627538,100,23.936322
-2.86888,100,24.566653
-1.915472,100,24.777165
-2.233905,100,24.976183
-1.710669,100,25.176081
-1.381217,100,25.385286
-1.571312,100,25.591319
-1.86891,100,25.796086
-1.659055,100,26.001867
-1.615148,100,26.195359
-1.504533,100,26.399086
-1.711776,100,26.604861
-2.28252,100,26.808588
-2.107567,100,27.016536
-1.813694,100,27.637824
-1.773517,100,27.840988
-1.867492,100,28.044854
-2.316577,100,28.250212
-1.703501,100,28.454772
-1.716812,100,28.662972
-1.876901,100,28.863386
-1.839288,100,29.063817
-1.573902,100,29.269695
-4.557334,100,29.472099
-1.749662,100,29.677181
-1.62532,100,29.878199
-2.155586,100,30.551373
-2.08507,100,30.757678
-1.620057,100,30.96411
-2.412115,100,31.171064
-1.459809,100,31.377186
-1.649109,100,31.5857
-2.078649,100,31.790126
-1.573063,100,31.994406
-1.690069,100,32.198601
-2.018575,100,32.403109
-1.841126,100,32.606768
-1.84873,100,32.812869
-4.501037,100,33.019335
-4.504653,100,33.642361
-1.947783,100,33.845343
-1.886637,100,34.050809
-4.568205,100,34.25754
-1.971055,100,34.458471
-2.003163,100,34.661941
-2.436306,100,34.864317
-1.967801,100,35.067436
-1.768322,100,35.280523
-1.714973,100,35.486669
-2.238074,100,35.690055
-2.011781,100,35.892705
-2.152492,100,36.515626
-1.927807,100,36.720082
-2.259034,100,36.926099
-2.162002,100,37.132669
-2.138939,100,37.341542
-2.038839,100,37.54972
-2.092627,100,37.752767
-1.565143,100,37.960761
-1.598947,100,38.165607
-2.027578,100,38.371309
-1.981258,100,38.574831
-2.07789,100,38.780297
-1.930159,100,38.98365
-2.210375,100,39.604026
-1.726793,100,39.809423
-2.385048,100,40.01661
-2.030537,100,40.217517
-1.998449,100,40.422671
-1.971641,100,40.632303
-1.70229,100,40.834894
-2.028578,100,41.03376
-2.120414,100,41.241782
-1.917921,100,41.448005
-2.692684,100,41.650357
-1.825545,100,41.856136
-1.72784,100,42.477665
-1.900349,100,42.681232
-1.818892,100,42.882633
-1.646285,100,43.090146
-1.801684,100,43.295886
-2.126408,100,43.505224
-1.452426,100,43.711744
-1.764432,100,43.919122
-2.219378,100,44.122032
-1.731544,100,44.328025
-1.640276,100,44.536299
-1.721324,100,44.744565
-1.734231,100,44.950396
-2.491274,100,45.581702
-1.602281,100,45.790442
-1.730319,100,45.996908
-1.900943,100,46.202447
-1.741642,100,46.411223
-3.100003,100,46.619449
-1.64755,100,46.822097
-2.723235,100,47.02494
-1.730738,100,47.228793
-2.342828,100,47.431638
-2.895506,100,47.636741
-1.922053,100,47.837141
-4.994057,100,48.467025
-1.821325,100,48.672746
-1.709554,100,48.876301
-2.122343,100,49.080992
-3.173034,100,49.288605
-2.088493,100,49.498868
-2.24789,100,49.69439
-2.014701,100,49.893495
-2.412914,100,50.091381
-1.860346,100,50.291497
-1.970741,100,50.489407
-2.888667,100,50.694216
-1.701922,100,50.903442
-3.199576,100,51.531874
-2.16965,100,51.735848
-1.63678,100,51.944502
-1.861235,100,52.149215
-2.938184,100,52.350739
-1.761294,100,52.550243
-1.876921,100,52.756745
-2.106484,100,52.974367
-2.341834,100,53.18158
-3.71632,100,53.385223
-3.037145,100,53.590707
-1.771338,100,53.797846
-3.169178,100,54.418051
-2.077695,100,54.627606
-1.371187,100,54.834833
-3.215703,100,55.033982
-2.266106,100,55.236192
-3.175859,100,55.441419
-3.211145,100,55.641473
-1.476238,100,55.839845
-3.014235,100,56.043888
-1.939403,100,56.247864
-2.981772,100,56.448329
-4.339199,100,56.650656
-3.381997,100,56.854363
-4.134707,100,57.479937
-1.809734,100,57.684325
-2.80167,100,57.889087
-2.102032,100,58.100293
-4.888544,100,58.305803
-3.265146,100,58.511757
-1.875212,100,58.718375
-1.603368,100,58.929223
-2.703902,100,59.132118
-2.640771,100,59.328298
-2.386746,100,59.535473
-3.216838,100,59.742902
-4.793557,100,60.368774
-1.640049,100,60.575949
-1.821446,100,60.776451
-2.042889,100,60.975217
-2.461928,100,61.169364
-2.294185,100,61.365462
-2.626198,100,61.555891
-4.255483,100,61.752792
-1.989201,100,61.948814
-1.711558,100,62.144081
-2.793725,100,62.340252
-2.278322,100,62.541345
-4.568854,100,62.737297
-2.067265,100,63.356107
-1.774677,100,63.566052
-3.366543,100,63.777397
-1.748339,100,63.985854
-2.045154,100,64.192997
-1.885961,100,64.39888
-3.102299,100,64.608766
-1.727338,100,64.816642
-2.657974,100,65.024889
-1.873683,100,65.228975
-2.283764,100,65.435081
-4.208376,100,65.633829
-1.461977,100,66.254434
-2.256164,100,66.455035
-3.026096,100,66.656588
-2.872763,100,66.857444
-1.927608,100,67.065338
-1.78157,100,67.267716
-4.03991,100,67.467579
-1.654144,100,67.675224
-2.442145,100,67.880102
-1.537368,100,68.073981
-2.339996,100,68.275924
-2.563178,100,68.473042
-5.158329,100,68.670864
-4.12974,100,69.294975
-3.972115,100,69.501776
-3.399531,100,69.702267
-4.807113,100,69.904619
-3.078626,100,70.111644
-1.639384,100,70.319047
-4.422922,100,70.525258
-3.942378,100,70.725125
-3.470244,100,70.924619
-1.95445,100,71.127044
-1.671388,100,71.332822
-1.971014,100,71.536816
-2.129186,100,72.150244
-3.821582,100,72.350862
-1.223572,100,72.555539
-1.896962,100,72.763763
-4.405532,100,72.967802
-2.943211,100,73.174522
-1.44987,100,73.379974
-2.104098,100,73.581463
-1.4847,100,73.788435
-1.856769,100,73.99252
-2.570591,100,74.194848
-2.549264,100,74.396074
-3.640259,100,74.602736
-3.36404,100,75.234498
-4.625946,100,75.438563
-1.284329,100,75.641781
-1.503168,100,75.843366
-4.154222,100,76.048816
-1.716347,100,76.250828
-1.871183,100,76.454721
-2.015745,100,76.658665
-1.707133,100,76.865752
-2.596276,100,77.071185
-2.68716,100,77.273135
-1.302421,100,77.475795
-1.157741,100,78.102888
-1.647781,100,78.310222
-1.528708,100,78.512807
-3.899897,100,78.719526
-1.448799,100,78.924555
-1.092692,100,79.131083
-1.859638,100,79.339162
-3.311853,100,79.546488
-2.351545,100,79.750152
-1.805561,100,79.951388
-1.60489,100,80.153533
-1.522899,100,80.357489
-2.339606,100,80.559393
-1.294501,100,81.176294
-3.413818,100,81.382552
-2.307847,100,81.582938
-1.186748,100,81.778221
-1.578042,100,81.974855
-4.955923,100,82.16726
-1.241095,100,82.362891
-1.115521,100,82.560217
-1.341466,100,82.756209
-1.819574,100,82.948783
-3.989543,100,83.141688
-1.925558,100,83.339917
-2.071149,100,83.946093
-1.462606,100,84.150673
-1.31774,100,84.354331
-3.440932,100,84.560399
-1.678745,100,84.763027
-1.420542,100,84.961212
-2.734225,100,85.157902
-2.61056,100,85.363528
-2.448356,100,85.563397
-1.70422,100,85.767697
-4.282161,100,85.970636
-3.048864,100,86.170422
-1.565433,100,86.366381
-1.595352,100,86.979564
-1.267564,100,87.180699
-4.287864,100,87.38546
-1.830335,100,87.588259
-1.955701,100,87.790821
-1.909931,100,87.992847
-1.532221,100,88.192336
-2.582347,100,88.397369
-1.719562,100,88.602311
-2.675718,100,88.804206
-1.930885,100,89.011106
-1.925155,100,89.214267
-1.625517,100,89.824439
-0.928795,100,90.029341
-1.806419,100,90.229409
-2.04507,100,90.43415
-1.597202,100,90.632335
-2.170555,100,90.833489
-2.166816,100,91.03913
-2.334076,100,91.242974
-2.154676,100,91.449019
-1.713064,100,91.648365
-2.047668,100,91.85247
-2.82143,100,92.053852
-1.836788,100,92.253307
-2.597689,100,92.869874
-1.33048,100,93.075158
-1.648662,100,93.280154
-1.768363,100,93.47824
-1.82674,100,93.677489
-1.337372,100,93.881767
-1.523606,100,94.077563
-3.537742,100,94.28205
-1.575371,100,94.482498
-1.60425,100,94.688952
-2.066054,100,94.891597
-1.54348,100,95.094615
-2.488325,100,95.704633
-2.058355,100,95.906665
-1.30432,100,96.108097
-1.604434,100,96.303577
-1.612522,100,96.504337
-4.143534,100,96.706065
-2.98247,100,96.910262
-2.053568,100,97.114783
-3.753962,100,97.320439
-1.485634,100,97.525267
-1.395779,100,97.727679
-2.37666,100,97.929427
-3.760862,100,98.130993
-1.461386,100,98.748498
-1.542863,100,98.951117
-3.92173,100,99.1559
-2.53096,100,99.360914
-2.157482,100,99.5652
-2.432579,100,99.760051
-1.682236,100,99.963883
-1.835978,100,100.166066
-1.675871,100,100.36802
-2.675215,100,100.573791
-1.785241,100,100.782755
-2.182169,100,100.984733
-3.287757,100,101.594303
-2.470916,100,101.793076
-2.223575,100,101.98726
-4.525347,100,102.184419
-2.233131,100,102.378228
-2.035531,100,102.575197
-1.74397,100,102.768415
-2.099599,100,102.964392
-3.111989,100,103.16256
-3.30782,100,103.362545
-3.122383,100,103.567945
-3.28902,100,103.772399
-3.119241,100,103.973293
-2.247092,100,104.588937
-1.736239,100,104.790186
-1.853435,100,104.993698
-2.827599,100,105.200828
-1.802052,100,105.405233
-1.921799,100,105.606903
-2.319763,100,105.812353
-1.976239,100,106.016847
-1.956736,100,106.216866
-2.104897,100,106.415419
-1.73516,100,106.61392
-2.352458,100,106.811528
-2.938077,100,107.421473
-3.834742,100,107.622714
-1.915447,100,107.820742
-3.101182,100,108.019691
-1.460587,100,108.218723
-2.32704,100,108.414706
-1.814467,100,108.612104
-2.752461,100,108.814423
-1.678477,100,109.013568
-5.098757,100,109.216309
-3.871229,100,109.425118
-1.589272,100,109.625082
-2.403167,100,109.830693
-1.955644,100,110.445088
-1.481369,100,110.640022
-2.206507,100,110.845722
-3.449177,100,111.048889
-2.200318,100,111.254488
-2.111808,100,111.456927
-1.910147,100,111.663549
-1.763951,100,111.863422
-1.517249,100,112.067776
-2.396312,100,112.268709
-2.907832,100,112.474469
-1.730268,100,112.682476
-2.156,100,113.300951
-2.444419,100,113.508348
-2.655944,100,113.713575
-2.165904,100,113.911488
-2.589352,100,114.111624
-1.926772,100,114.311456
-2.510341,100,114.5098
-1.991633,100,114.71406
-1.776582,100,114.914513
-1.875759,100,115.116802
-1.924197,100,115.325128
-2.202723,100,115.523577
-2.362981,100,115.731368
-1.886261,100,116.343594
-3.643175,100,116.544409
-2.099556,100,116.747722
-1.927113,100,116.95219
-1.501937,100,117.148299
-1.679096,100,117.349762
-2.879847,100,117.550932
-3.113491,100,117.758401
-2.609104,100,117.961495
-2.179692,100,118.153567
-2.113932,100,118.348398
-2.530387,100,118.543826
-3.045737,100,119.151929
-2.822835,100,119.359234
-2.681877,100,119.568064
-2.055344,100,119.773873
-2.819606,100,119.979343
-4.336287,100,120.180477
-2.763048,100,120.384732
-3.049442,100,120.590205
-3.372318,100,120.798688
-2.009565,100,121.001114
-3.332122,100,121.204355
-2.323563,100,121.405135
-3.561331,100,121.61216
-2.426537,100,122.229102
-2.43066,100,122.434088
-2.629129,100,122.639358
-2.672493,100,122.840465
-2.257997,100,123.043495
-2.874934,100,123.242515
-2.040991,100,123.447361
-2.146562,100,123.653886
-1.998502,100,123.856146
-2.453491,100,124.061643
-2.012042,100,124.268941
-2.393528,100,124.474001
-2.144698,100,125.092865
-4.808222,100,125.297807
-2.361914,100,125.498217
-3.481662,100,125.69854
-1.972701,100,125.902117
-2.010953,100,126.107821
-2.622396,100,126.313305
-1.744716,100,126.516099
-1.776929,100,126.722049
-1.860296,100,126.918623
-1.939465,100,127.12142
-1.931457,100,127.32812
-1.947062,100,127.531828
-2.052042,100,128.143499
-2.292823,100,128.343929
-2.423555,100,128.546188
-2.00593,100,128.753904
-2.396446,100,128.958976
-2.340575,100,129.163378
-1.97617,100,129.37018
-2.039302,100,129.569398
-2.012383,100,129.774789
-1.952792,100,129.973358
-1.93969,100,130.173305
-1.835141,100,130.37919
-1.812443,100,130.994175
-1.720411,100,131.199986
-1.783776,100,131.404221
-2.642096,100,131.608489
-2.043329,100,131.808103
-2.605747,100,132.013387
-2.093936,100,132.216976
-1.667826,100,132.41893
-2.265479,100,132.62369
-2.046129,100,132.825551
-2.133128,100,133.030762
-1.999783,100,133.232506
-2.108385,100,133.433326
-2.207176,100,134.057297
-2.026971,100,134.261781
-2.316534,100,134.469351
-2.181071,100,134.670378
-1.78944,100,134.86798
-1.866775,100,135.073239
-2.156281,100,135.276228
-1.897892,100,135.475321
-1.924961,100,135.678183
-2.06846,100,135.884935
-2.114031,100,136.090447
-1.781297,100,136.292353
-2.156292,100,136.912868
-2.077632,100,137.116886
-2.410578,100,137.322436
-2.159056,100,137.521533
-2.077853,100,137.725992
-2.009353,100,137.934354
-2.49643,100,138.13555
-2.282726,100,138.336588
-1.803331,100,138.54051
-1.843186,100,138.742153
-2.191296,100,138.944896
-2.276122,100,139.152319
-1.679245,100,139.363243
-1.629587,100,140.053822
-1.917286,100,140.271358
-1.956646,100,140.487243
-1.830401,100,140.697541
-1.866601,100,140.920619
-1.93115,100,141.133804
-2.468197,100,141.340425
-2.422127,100,141.555968
-1.774126,100,141.768103
-2.64022,100,141.994635
-1.884423,100,142.222599
-2.10666,100,142.436068
-2.789307,100,143.107649
-3.099996,100,143.318561
-2.402134,100,143.521251
-1.97051,100,143.731161
-2.002318,100,143.938126
-1.575051,100,144.144069
-1.896754,100,144.345694
-1.904354,100,144.551338
-1.987139,100,144.76055
-1.800579,100,144.965127
-1.871408,100,145.170308
-2.231907,100,145.377507
-1.666554,100,145.582275
-2.064823,100,146.213807
-1.872412,100,146.421425
-1.804955,100,146.62876
-1.599809,100,146.830327
-1.779364,100,147.03219
-2.007428,100,147.244283
-2.139714,100,147.448647
-1.746722,100,147.652208
-1.871912,100,147.858191
-2.584041,100,148.058506
-1.595623,100,148.263547
-1.672928,100,148.470226
-1.742651,100,149.100648
-1.806674,100,149.308174
-1.486201,100,149.513611
-1.713144,100,149.72402
-1.763509,100,149.929618
-1.605016,100,150.139511
-1.655896,100,150.347484
-1.415979,100,150.556166
-1.886716,100,150.766104
-1.839371,100,150.974424
-1.856711,100,151.18304
-1.88306,100,151.393275
-2.003579,100,151.599536
-1.668103,100,152.221357
-1.775518,100,152.425878
-1.837471,100,152.629133
-2.103339,100,152.832447
-2.115272,100,153.038645
-1.879095,100,153.2435
-1.987557,100,153.44853
-2.095656,100,153.656171
-2.386054,100,153.86281
-2.405218,100,154.068586
-2.689817,100,154.276385
-2.018677,100,154.478058
-2.504555,100,155.101652
-1.734239,100,155.311214
-2.096877,100,155.512529
-2.259896,100,155.721736
-1.897286,100,155.923129
-3.169992,100,156.125714
-2.338298,100,156.328849
-2.933994,100,156.534382
-1.879753,100,156.742517
-2.856497,100,156.948652
-2.513873,100,157.156587
-2.996027,100,157.362695
-2.525288,100,157.565052
-2.168458,100,158.174713
-2.585849,100,158.372515
-2.216665,100,158.572001
-2.580091,100,158.767749
-1.930243,100,158.964437
-3.269661,100,159.159873
-3.003197,100,159.361847
-2.760779,100,159.55943
-2.721496,100,159.755769
-3.623857,100,159.951353
-3.31684,100,160.151487
-3.264986,100,160.357687
-2.854204,100,160.976503
-2.304538,100,161.178023
-2.822731,100,161.385323
-2.555851,100,161.59143
-3.484152,100,161.794283
-3.224746,100,161.997545
-2.497864,100,162.203964
-3.44638,100,162.406063
-4.407272,100,162.606196
-4.721863,100,162.812377
-4.313986,100,163.014447
-3.385953,100,163.21923
-1.988824,100,163.428347
-1.871606,100,164.047595
-3.172615,100,164.253178
-2.570545,100,164.459359
-3.761829,100,164.667094
-2.147416,100,164.872439
-1.893337,100,165.08382
-3.998811,100,165.287668
-2.971369,100,165.496423
-2.057794,100,165.699164
-2.205312,100,165.904001
-3.214239,100,166.10841
-2.131244,100,166.310882
-2.426075,100,166.931828
-1.766258,100,167.139674
-4.69234,100,167.345961
-1.989257,100,167.553309
-2.385303,100,167.75638
-1.710679,100,167.962283
-2.296273,100,168.164238
-1.988472,100,168.369309
-1.936281,100,168.577865
-4.627768,100,168.785048
-1.433785,100,168.984831
-1.691459,100,169.18979
-2.11629,100,169.396152
-3.13704,100,170.015567
-3.655974,100,170.217037
-2.950648,100,170.422021
-2.622936,100,170.622585
-4.113702,100,170.824409
-1.715734,100,171.030509
-3.592902,100,171.235998
-1.349292,100,171.438503
-1.694563,100,171.645321
-3.34014,100,171.853758
-2.882097,100,172.061015
-3.449069,100,172.267895
-1.873371,100,172.894624
-1.885226,100,173.100497
-4.198303,100,173.307782
-1.57865,100,173.516127
-1.755397,100,173.720371
-4.345519,100,173.922399
-4.155228,100,174.130884
-4.186584,100,174.338531
-1.619656,100,174.540149
-1.804191,100,174.744302
-1.691842,100,174.951353
-1.781986,100,175.158286
-1.681414,100,175.36124
-2.083788,100,175.978703
-3.695455,100,176.18398
-1.832983,100,176.392683
-2.843823,100,176.606176
-4.276005,100,176.816701
-2.003407,100,177.021972
-1.531891,100,177.226265
-1.717722,100,177.432092
-1.66119,100,177.63844
-1.197598,100,177.841805
-1.982547,100,178.051094
-1.830545,100,178.259392
-1.319137,100,178.893934
-1.591654,100,179.091816
-1.935183,100,179.302163
-1.592607,100,179.507011
-1.751835,100,179.71449
-1.543743,100,179.922504
-1.766485,100,180.127553
-1.694853,100,180.332315
-0.790638,100,180.541377
-1.354426,100,180.748116
-1.767151,100,180.954113
-1.77803,100,181.158349
-2.171274,100,181.358183
-1.445247,100,181.975203
-1.746935,100,182.177382
-1.858006,100,182.384691
-1.988667,100,182.586589
-1.935721,100,182.791616
-1.635589,100,182.99314
-0.778299,100,183.1929
-1.822339,100,183.397964
-1.484688,100,183.603451
-2.48333,100,183.805768
-1.818996,100,184.011641
-1.40648,100,184.212997
-1.981577,100,184.831011
-1.739006,100,185.03691
-2.037902,100,185.241548
-2.240363,100,185.448908
-2.074849,100,185.65118
-1.633994,100,185.856165
-1.867274,100,186.061812
-1.971274,100,186.262419
-1.637835,100,186.468196
-2.025398,100,186.675227
-1.986525,100,186.877655
-1.196499,100,187.078433
-1.377562,100,187.284217
-1.442991,100,187.926453
-1.924235,100,188.131598
-1.992283,100,188.336316
-2.079397,100,188.546752
-2.44979,100,188.753144
-1.4327,100,188.955038
-2.055857,100,189.156435
-2.009327,100,189.359053
-2.322874,100,189.564652
-1.636198,100,189.770235
-2.109958,100,189.972752
-1.820977,100,190.18282
-2.361143,100,190.802402
-1.476849,100,191.010025
-2.151638,100,191.209319
-2.262626,100,191.41583
-2.212336,100,191.625352
-2.273327,100,191.830645
-2.31258,100,192.04232
-2.676534,100,192.25473
-2.126164,100,192.464329
-2.06422,100,192.671238
-2.098395,100,192.876409
-2.17475,100,193.081749
-2.245635,100,193.296199
-1.897275,100,193.922361
-2.243859,100,194.130902
-2.327829,100,194.33282
-2.30767,100,194.542779
-1.485229,100,194.75231
-2.40518,100,194.958676
-2.243516,100,195.167193
-2.068827,100,195.374856
-2.243011,100,195.584681
-2.172692,100,195.791011
-2.095962,100,196.003921
-2.289166,100,196.21213
-2.063124,100,196.832275
-2.045273,100,197.043402
-2.235563,100,197.253015
-2.461681,100,197.456897
-2.161287,100,197.668836
-2.48246,100,197.876049
-2.191643,100,198.083568
-0.932627,100,198.290343
-1.561753,100,198.499827
-2.042857,100,198.710042
-2.30837,100,198.912726
-2.073262,100,199.124792
-2.145597,100,199.337877
-2.747212,100,199.956767
-2.304503,100,200.163875
-2.181823,100,200.367684
-1.694661,100,200.577626
-2.183817,100,200.786744
-2.352155,100,201.000403
-2.539263,100,201.208597
-2.038292,100,201.416291
-1.774057,100,201.626458
-2.36881,100,201.839045
-2.241323,100,202.04675
-2.166045,100,202.25401
-2.690582,100,202.877627
-2.356736,100,203.085061
-2.268795,100,203.292536
-1.686219,100,203.505753
-2.305515,100,203.711797
-2.21731,100,203.921618
-2.267549,100,204.128067
-2.292462,100,204.338264
-2.315326,100,204.551442
-1.706281,100,204.762248
-2.373648,100,204.973145
-2.297473,100,205.181454
-1.799449,100,205.385625
-2.707809,100,206.013049
-2.03466,100,206.221375
-2.080361,100,206.422942
-2.079724,100,206.627823
-2.1156,100,206.834517
-2.176265,100,207.042277
-2.11459,100,207.259102
-3.595216,100,207.470156
-2.556703,100,207.682901
-1.888733,100,207.894061
-2.51641,100,208.104106
-2.038989,100,208.311087
-2.401099,100,208.946191
-2.003835,100,209.150292
-2.184296,100,209.361859
-2.489717,100,209.566674
-2.326115,100,209.772681
-2.009172,100,209.976304
-2.585304,100,210.181533
-2.257683,100,210.390453
-2.303612,100,210.594976
-2.209449,100,210.800385
-2.240943,100,211.010685
-2.560463,100,211.220389
-3.002687,100,211.426157
-2.88861,100,212.046413
-2.139098,100,212.257784
-2.760861,100,212.469886
-2.723956,100,212.679698
-2.299705,100,212.882169
-2.176418,100,213.087211
-2.509021,100,213.29612
-2.408456,100,213.501237
-2.037073,100,213.706147
-1.964946,100,213.916376
-2.588595,100,214.123928
-2.538493,100,214.322988
-2.206984,100,214.942089
-2.275293,100,215.152562
-2.221696,100,215.359899
-2.089856,100,215.56539
-2.223269,100,215.770692
-2.450173,100,215.980427
-2.312138,100,216.18695
-2.735011,100,216.392477
-3.285168,100,216.605452
-2.405319,100,216.814205
-2.427864,100,217.022895
-2.789036,100,217.235869
-2.302095,100,217.442447
-2.322176,100,218.055092
-2.026596,100,218.254224
-2.841013,100,218.452387
-3.075046,100,218.652605
-2.613385,100,218.85545
-1.7245,100,219.054213
-2.058441,100,219.265554
-3.13886,100,219.472631
-2.504228,100,219.684464
-2.636597,100,219.894735
-2.624262,100,220.105894
-2.494113,100,220.316136
-2.536456,100,220.943218
-2.359411,100,221.151222
-2.551201,100,221.362369
-2.560888,100,221.567157
-3.009518,100,221.779117
-2.514611,100,221.984311
-2.48029,100,222.188465
-2.64136,100,222.396756
-2.267292,100,222.601908
-2.807429,100,222.809401
-2.808647,100,223.020284
-2.057289,100,223.228608
-1.728867,100,223.434186
-2.194078,100,224.061294
-2.720196,100,224.270213
-2.085171,100,224.47787
-2.781557,100,224.689341
-2.182536,100,224.897183
-2.324987,100,225.102714
-2.246753,100,225.30823
-2.544833,100,225.515592
-2.415575,100,225.724724
-2.832534,100,225.935817
-2.96679,100,226.143594
-2.808384,100,226.352903
-2.683134,100,226.979711
-2.384853,100,227.189779
-2.947471,100,227.402418
-3.146434,100,227.610542
-3.370335,100,227.815739
-2.902456,100,228.026595
-2.654359,100,228.238267
-2.958303,100,228.455448
-2.53593,100,228.665051
-2.3496,100,228.87717
-3.831574,100,229.08977
-2.863713,100,229.299845
-2.99608,100,229.510035
-1.90865,100,230.135486
-3.233501,100,230.343043
-2.695327,100,230.560553
-2.387741,100,230.766181
-3.164925,100,230.976542
-2.800492,100,231.189643
-2.71166,100,231.396564
-2.793892,100,231.606448
-3.566776,100,231.810457
-3.205115,100,232.023627
-2.275263,100,232.237576
-2.158709,100,232.44751
-2.179661,100,233.090511
-2.503529,100,233.301138
-2.78209,100,233.512563
-2.791677,100,233.719442
-2.962125,100,233.92064
-3.396679,100,234.129563
-3.328826,100,234.336878
-2.891881,100,234.539447
-2.312042,100,234.740558
-2.387678,100,234.938259
-1.847377,100,235.138669
-2.765325,100,235.337767
-3.174358,100,235.540858
-3.169713,100,236.161572
-1.474108,100,236.371348
-2.762259,100,236.585596
-3.598495,100,236.795043
-2.541336,100,237.007994
-2.94298,100,237.219173
-3.998948,100,237.428524
-2.912847,100,237.641129
-2.498806,100,237.852056
-2.85518,100,238.065195
-2.8731,100,238.273626
-2.653291,100,238.485277
-2.911425,100,239.108747
-3.593315,100,239.316643
-2.189773,100,239.528682
-3.336891,100,239.738303
-3.035806,100,239.951077
-3.103971,100,240.158003
-2.958716,100,240.366256
-2.764489,100,240.577966
-2.640607,100,240.787494
-2.512824,100,240.994577
-2.129039,100,241.200666
-2.715743,100,241.409688
-3.176249,100,241.624993
-2.664044,100,242.258082
-3.079893,100,242.469254
-2.274081,100,242.677033
-2.3966,100,242.882227
-3.59591,100,243.087117
-2.656336,100,243.297619
-2.316488,100,243.503247
-3.674669,100,243.714053
-3.133111,100,243.92275
-2.891399,100,244.124271
-2.522461,100,244.328887
-2.319834,100,244.532929
-2.522788,100,245.159277
-2.426216,100,245.370255
-3.031338,100,245.57942
-2.968306,100,245.79165
-2.986374,100,246.003779
-3.043742,100,246.216145
-2.650171,100,246.425324
-2.565641,100,246.63529
-2.114646,100,246.844337
-2.689121,100,247.055812
-2.69798,100,247.264617
-3.269336,100,247.469159
-4.01221,100,247.680607
-3.979989,100,248.309801
-3.012742,100,248.519769
-2.66298,100,248.730057
-2.943645,100,248.941972
-2.650423,100,249.148107
-3.123959,100,249.355004
-3.161178,100,249.563627
-2.832225,100,249.777733
-2.680207,100,249.988076
-3.351043,100,250.199208
-4.13028,100,250.410152
-1.749863,100,250.620494
-3.913143,100,251.246232
-3.24766,100,251.455934
-2.51183,100,251.668599
-2.553541,100,251.881049
-2.765362,100,252.090788
-2.376035,100,252.296905
-3.349423,100,252.504448
-3.408912,100,252.717666
-2.828192,100,252.928407
-2.353522,100,253.137537
-2.29308,100,253.349407
-2.60643,100,253.558015
-2.153913,100,253.76747
-2.905931,100,254.388442
-2.930762,100,254.599051
-2.18336,100,254.812411
-2.842047,100,255.02083
-2.668491,100,255.229886
-2.373273,100,255.434227
-3.115593,100,255.644758
-3.157215,100,255.850155
-2.995656,100,256.056867
-2.769214,100,256.263685
-2.193593,100,256.472272
-2.90889,100,256.682763
-2.368489,100,257.311312
-2.34488,100,257.519819
-2.844746,100,257.731537
-2.434415,100,257.944094
-2.658062,100,258.150852
-2.459235,100,258.358684
-2.583364,100,258.562215
-2.959314,100,258.769997
-2.720825,100,258.979025
-2.459945,100,259.185676
-2.345885,100,259.395886
-3.304965,100,259.607945
-2.75137,100,259.817108
-3.107192,100,260.440786
-2.711166,100,260.652211
-2.258195,100,260.865513
-3.072261,100,261.079479
-2.305417,100,261.283047
-2.878588,100,261.492239
-2.594367,100,261.704973
-2.505901,100,261.913598
-3.245938,100,262.124643
-1.670106,100,262.334014
-2.644774,100,262.540678
-2.708822,100,262.748741
-2.868879,100,263.373835
-2.381553,100,263.586204
-2.443746,100,263.800172
-2.395393,100,264.010091
-2.279594,100,264.218473
-2.651072,100,264.425934
-3.202194,100,264.634395
-2.42052,100,264.846623
-2.372259,100,265.055011
-2.233897,100,265.262615
-2.392557,100,265.469478
-2.678229,100,265.680335
-2.672845,100,265.886525
-3.010592,100,266.510424
-3.364129,100,266.717016
-2.761722,100,266.928704
-2.91479,100,267.142409
-2.635193,100,267.356334
-2.389131,100,267.568597
-3.002547,100,267.781361
-2.657521,100,267.993279
-2.894216,100,268.198921
-2.385263,100,268.399097
-2.512704,100,268.607504
-2.812763,100,268.815701
-2.950506,100,269.443934
-2.995517,100,269.652351
-3.049617,100,269.863349
-2.247537,100,270.073191
-2.449203,100,270.285693
-2.834426,100,270.495138
-3.027129,100,270.70718
-2.327601,100,270.919761
-3.180063,100,271.131657
-2.558386,100,271.34618
-2.891932,100,271.560827
-2.725067,100,271.768299
-2.717824,100,271.974149
-2.630176,100,272.60124
-2.522862,100,272.814715
-2.929146,100,273.025029
-2.43338,100,273.240291
-2.855833,100,273.448581
-3.289791,100,273.660716
-3.624834,100,273.869576
-2.544299,100,274.077738
-2.906161,100,274.289111
-2.976147,100,274.501086
-2.845407,100,274.711996
-2.770021,100,274.924035
-2.821253,100,275.561296
-2.392515,100,275.792907
-2.348956,100,276.026262
-2.747955,100,276.251162
-2.93251,100,276.483332
-3.061967,100,276.723481
-2.950908,100,276.968996
-2.684151,100,277.215617
-2.802275,100,277.44616
-2.630284,100,277.667427
-2.777876,100,277.903473
-3.206999,100,278.126312
-2.403539,100,278.358601
-2.384986,100,278.986979
-3.040974,100,279.191761
-2.621583,100,279.406092
-2.641935,100,279.611548
-2.101124,100,279.820714
-2.181826,100,280.028355
-2.992601,100,280.234132
-2.676208,100,280.441921
-2.813138,100,280.65453
-2.730989,100,280.864471
-3.040674,100,281.072179
-2.853012,100,281.277066
-2.43549,100,281.901308
-2.794756,100,282.107527
-3.010598,100,282.316059
-2.997641,100,282.525093
-2.69993,100,282.733729
-2.675002,100,282.938121
-2.540352,100,283.149887
-2.871182,100,283.359452
-2.633133,100,283.569695
-2.311468,100,283.772511
-2.206128,100,283.978929
-2.640676,100,284.183734
-3.054132,100,284.388932
-2.912635,100,285.010193
-2.401176,100,285.22249
-3.188448,100,285.427639
-2.877882,100,285.632162
-3.304145,100,285.834948
-3.010298,100,286.044825
-2.972658,100,286.253319
-2.624889,100,286.467277
-2.27756,100,286.678278
-3.134637,100,286.893987
-2.845634,100,287.103797
-2.561998,100,287.310489
-3.402657,100,287.937244
-2.323369,100,288.143727
-2.462373,100,288.353887
-2.966231,100,288.566475
-1.925277,100,288.7775
-3.502788,100,288.988552
-2.493148,100,289.200214
-2.978551,100,289.410988
-2.719272,100,289.621358
-2.654547,100,289.826551
-2.16247,100,290.031056
-3.221794,100,290.244382
-2.851214,100,290.456071
-3.805392,100,291.084623
-3.525955,100,291.298529
-2.259786,100,291.510938
-2.888628,100,291.721141
-2.866617,100,291.934912
-2.488516,100,292.146169
-2.717594,100,292.355759
-2.358681,100,292.568117
-2.87667,100,292.777057
-3.280324,100,292.986488
-2.637664,100,293.197336
-2.867,100,293.402085
-3.135757,100,294.025509
-2.750569,100,294.233683
-3.050853,100,294.441499
-2.514912,100,294.646098
-2.93718,100,294.856956
-2.659413,100,295.074741
-2.227801,100,295.285736
-2.844271,100,295.497719
-2.891897,100,295.707914
-2.923961,100,295.915453
-2.741323,100,296.121436
-2.622527,100,296.324278
-3.085045,100,296.53588
-3.464653,100,297.161698
-2.512775,100,297.370035
-2.793904,100,297.580803
-3.655896,100,297.791706
-2.506962,100,298.000785
-3.076671,100,298.214273
-2.280403,100,298.425159
-3.321917,100,298.641546
-2.871,100,298.846539
-2.287639,100,299.056703
-3.10911,100,299.263909
-3.219017,100,299.469173
-2.120982,100,300.092429
-3.089978,100,300.303521
-2.967837,100,300.513404
-2.863834,100,300.730728
-1.912562,100,300.941782
-2.435731,100,301.149081
-2.932106,100,301.360376
-2.19153,100,301.566972
-2.193269,100,301.776653
-2.56914,100,301.984158
-2.698043,100,302.192701
-2.658497,100,302.404995
