#{"t_start": 1589927995.4004323, "env_id": "widowx_reach-v3"}
r,l,t
-1.743435,100,3.043639
-1.670294,100,3.239167
-1.714153,100,3.437035
-1.926446,100,3.638519
-1.771895,100,3.836465
-1.938108,100,4.037784
-1.605448,100,4.235564
-1.67267,100,4.435541
-1.644138,100,4.637574
-1.57918,100,4.839064
-2.179829,100,5.035738
-1.733127,100,5.234191
-1.68326,100,5.952572
-2.784969,100,6.152736
-2.184936,100,6.35312
-1.898496,100,6.549757
-2.434632,100,6.748957
-1.88971,100,6.947421
-2.602134,100,7.146022
-1.328345,100,7.343955
-1.716981,100,7.544626
-1.848773,100,7.743023
-1.950275,100,7.938084
-1.528174,100,8.132908
-1.633074,100,8.334037
-2.026994,100,8.947287
-1.656134,100,9.14555
-1.991846,100,9.34175
-1.658883,100,9.539491
-1.864695,100,9.738279
-1.775879,100,9.937312
-2.15801,100,10.135634
-1.965823,100,10.33672
-3.108172,100,10.533908
-3.003274,100,10.735371
-1.945597,100,10.936041
-1.797001,100,11.133041
-1.543085,100,11.745395
-1.629427,100,11.946884
-1.619046,100,12.148708
-2.212385,100,12.356878
-2.647709,100,12.557635
-1.602034,100,12.759638
-1.70604,100,12.961922
-2.568856,100,13.16854
-1.737865,100,13.375395
-1.709412,100,13.576438
-1.269915,100,13.774543
-1.559417,100,13.975543
-2.093461,100,14.173345
-2.037056,100,14.831913
-2.006707,100,15.029144
-1.543907,100,15.225665
-1.683198,100,15.419374
-1.594152,100,15.616171
-1.705669,100,15.812201
-2.216452,100,16.009742
-1.628794,100,16.208479
-1.719535,100,16.406515
-1.517314,100,16.604165
-1.511053,100,16.805162
-1.442107,100,17.005441
-1.564599,100,17.622908
-1.728595,100,17.825817
-1.710373,100,18.033046
-1.737507,100,18.242787
-2.19775,100,18.448847
-1.636195,100,18.653862
-2.191033,100,18.861471
-3.189772,100,19.066499
-1.623974,100,19.272929
-1.744376,100,19.482327
-2.571941,100,19.684649
-1.983657,100,19.892788
-1.987145,100,20.104288
-2.323451,100,20.729293
-1.961811,100,20.940103
-1.788299,100,21.153133
-1.693278,100,21.375597
-2.534177,100,21.603871
-2.031914,100,21.801889
-1.758331,100,21.996876
-2.196351,100,22.195767
-2.053994,100,22.389533
-2.361627,100,22.593388
-2.406083,100,22.79263
-1.646865,100,22.988091
-1.522913,100,23.590489
-1.728668,100,23.791289
-2.122361,100,23.986443
-3.194268,100,24.178656
-1.702243,100,24.379225
-2.433022,100,24.577042
-2.216506,100,24.773667
-1.964806,100,24.971564
-2.430896,100,25.167712
-1.528658,100,25.366345
-1.492447,100,25.559982
-2.49762,100,25.759331
-3.014645,100,25.956146
-2.677956,100,26.572679
-1.900426,100,26.771317
-1.726411,100,26.972151
-1.780504,100,27.164888
-1.656039,100,27.364295
-1.791513,100,27.560494
-1.836429,100,27.758251
-2.085515,100,27.958491
-1.613495,100,28.152112
-1.668554,100,28.347866
-2.709253,100,28.546716
-1.676796,100,28.739813
-2.422946,100,29.354396
-1.607414,100,29.556048
-1.636537,100,29.753214
-1.812326,100,29.946204
-4.021974,100,30.143246
-1.925944,100,30.343367
-1.923821,100,30.540912
-1.860297,100,30.735057
-1.719404,100,30.93699
-1.170666,100,31.133419
-1.687224,100,31.327646
-1.828986,100,31.525509
-2.354283,100,31.722186
-1.717378,100,32.354042
-1.651693,100,32.547711
-1.538756,100,32.742333
-1.679344,100,32.939585
-2.040333,100,33.136635
-2.369512,100,33.33224
-2.083268,100,33.527457
-1.979296,100,33.721788
-1.532861,100,33.918834
-1.922869,100,34.114116
-1.891881,100,34.315255
-1.890285,100,34.511909
-1.600083,100,35.128918
-1.86618,100,35.324755
-2.025039,100,35.521263
-1.501774,100,35.715733
-2.651798,100,35.912197
-2.866929,100,36.108341
-1.592897,100,36.30014
-1.630628,100,36.503017
-1.666783,100,36.701907
-1.539687,100,36.900439
-2.490291,100,37.096701
-1.765823,100,37.291317
-1.59579,100,37.491026
-1.873366,100,38.115873
-1.618964,100,38.313553
-2.639327,100,38.512282
-2.866493,100,38.706547
-4.158407,100,38.905922
-1.6071,100,39.101085
-1.544886,100,39.29262
-1.966981,100,39.485601
-1.731889,100,39.679889
-2.291943,100,39.871811
-1.593459,100,40.068588
-1.870712,100,40.261306
-1.474567,100,40.861929
-1.745424,100,41.058941
-1.82959,100,41.256816
-1.751333,100,41.4576
-2.980767,100,41.657603
-2.019052,100,41.852241
-1.930242,100,42.048444
-1.607191,100,42.243951
-2.03685,100,42.438629
-1.999287,100,42.631566
-1.687511,100,42.827952
-1.754552,100,43.019964
-2.298734,100,43.212588
-2.27247,100,43.808519
-2.315495,100,44.005348
-1.560502,100,44.199329
-2.641105,100,44.393907
-2.791455,100,44.589479
-1.664156,100,44.783624
-1.60229,100,44.978313
-1.615505,100,45.178198
-1.634858,100,45.373863
-2.211205,100,45.572628
-2.365856,100,45.765203
-1.586219,100,45.958769
-1.623778,100,46.560069
-1.721068,100,46.757085
-1.644764,100,46.953156
-2.266079,100,47.153827
-2.106358,100,47.353791
-1.645535,100,47.559581
-2.665578,100,47.757501
-3.466788,100,47.950746
-3.130349,100,48.149027
-1.708555,100,48.348267
-1.796021,100,48.539441
-1.466179,100,48.73481
-1.881248,100,48.928339
-1.747277,100,49.543373
-2.909601,100,49.740164
-1.784106,100,49.936155
-2.573205,100,50.132643
-1.600478,100,50.329022
-2.117902,100,50.528073
-2.87786,100,50.724055
-2.039809,100,50.920781
-1.883191,100,51.114094
-1.585971,100,51.315326
-1.411566,100,51.509258
-2.563528,100,51.703085
-1.400267,100,52.296761
-1.663507,100,52.495929
-1.855361,100,52.69473
-2.574396,100,52.891258
-2.032754,100,53.090531
-1.810971,100,53.283083
-2.339593,100,53.479935
-1.64684,100,53.67754
-1.720528,100,53.87604
-3.389688,100,54.072686
-1.665604,100,54.265489
-1.576966,100,54.465873
-1.871064,100,54.664701
-2.683122,100,55.318787
-1.657174,100,55.523641
-2.046094,100,55.719446
-3.080312,100,55.914123
-1.660704,100,56.106816
-1.878101,100,56.303583
-1.894319,100,56.495672
-2.952808,100,56.691768
-2.690988,100,56.887905
-1.304014,100,57.082874
-1.610683,100,57.27746
-2.667439,100,57.473462
-2.158656,100,58.081845
-3.289759,100,58.278444
-1.659863,100,58.476792
-2.945507,100,58.672914
-1.66206,100,58.866587
-2.296334,100,59.067512
-2.387395,100,59.259359
-1.960969,100,59.451842
-1.598806,100,59.648969
-1.585593,100,59.843375
-2.201814,100,60.038249
-2.155331,100,60.234189
-1.917274,100,60.43032
-2.80575,100,61.025375
-2.228272,100,61.220091
-1.837453,100,61.415786
-2.432092,100,61.611876
-1.979136,100,61.809986
-1.805927,100,62.006063
-1.501457,100,62.208197
-3.766062,100,62.405065
-1.655477,100,62.605093
-1.683161,100,62.801193
-2.416605,100,62.997602
-1.660856,100,63.189967
-1.667721,100,63.785314
-1.95768,100,63.978666
-1.700464,100,64.178212
-3.652307,100,64.376485
-5.45737,100,64.574124
-2.251871,100,64.766066
-1.677993,100,64.959533
-1.801873,100,65.154261
-1.469485,100,65.347442
-2.417015,100,65.546182
-2.911406,100,65.741599
-1.581361,100,65.935495
-2.167142,100,66.129362
-3.712656,100,66.734154
-1.608503,100,66.927361
-3.530245,100,67.120878
-2.994135,100,67.315859
-3.251669,100,67.505779
-1.777627,100,67.703583
-4.522958,100,67.897154
-1.592377,100,68.090764
-1.571787,100,68.285527
-2.302412,100,68.48634
-2.942273,100,68.679183
-2.272337,100,68.870488
-1.904449,100,69.47461
-2.544885,100,69.672432
-2.553382,100,69.865267
-2.062532,100,70.05832
-2.520321,100,70.260583
-2.403012,100,70.457718
-4.488364,100,70.652451
-2.055295,100,70.851548
-2.670878,100,71.046398
-3.051058,100,71.242649
-1.928977,100,71.438042
-2.389008,100,71.635891
-2.042383,100,71.833134
-1.954489,100,72.440217
-2.674557,100,72.640037
-3.099328,100,72.834121
-2.493395,100,73.031077
-1.28979,100,73.224392
-3.568165,100,73.417245
-2.060521,100,73.610865
-1.472237,100,73.805354
-1.573389,100,73.998448
-1.753985,100,74.195021
-2.317119,100,74.394258
-1.488967,100,74.592348
-2.045352,100,75.203944
-1.816052,100,75.400729
-2.499373,100,75.597506
-3.152082,100,75.795827
-1.820682,100,75.991526
-3.51955,100,76.188613
-2.616994,100,76.382303
-2.141376,100,76.579679
-3.435007,100,76.775404
-1.704304,100,76.968076
-2.095389,100,77.166968
-3.371459,100,77.363563
-3.112123,100,77.559673
-2.081933,100,78.163626
-1.751359,100,78.360182
-2.06188,100,78.558064
-1.830265,100,78.758555
-2.393195,100,78.952587
-1.923776,100,79.145483
-2.205163,100,79.338141
-3.374831,100,79.53176
-2.192037,100,79.725654
-1.878316,100,79.920744
-2.257915,100,80.116143
-1.877446,100,80.315759
-1.851049,100,80.915585
-1.806382,100,81.117322
-1.535874,100,81.312036
-1.478183,100,81.509834
-1.550114,100,81.706705
-0.638212,69,81.842972
-1.635559,100,82.040121
-1.598589,100,82.238441
-1.635331,100,82.432898
-1.685069,100,82.633182
-1.878428,100,82.835546
-1.741641,100,83.035327
-2.357041,100,83.229671
-1.973175,100,83.834272
-2.198257,100,84.036972
-1.990819,100,84.231502
-2.414558,100,84.431406
-1.821941,100,84.627209
-1.881179,100,84.822007
-1.676195,100,85.017473
-1.768319,100,85.215606
-1.555911,100,85.413951
-1.708578,100,85.612749
-2.238681,100,85.811893
-2.333374,100,86.017178
-1.637152,100,86.616095
-2.392406,100,86.817461
-1.816259,100,87.017938
-2.819096,100,87.213351
-3.809615,100,87.41087
-1.827301,100,87.60668
-2.165666,100,87.801311
-2.114564,100,87.997445
-1.680178,100,88.19673
-2.814855,100,88.395157
-2.375341,100,88.592281
-2.593724,100,88.795246
-1.760137,100,88.987495
-1.794363,100,89.583241
-1.939502,100,89.7797
-2.43329,100,89.977954
-2.005786,100,90.176875
-1.478034,100,90.370571
-1.741401,100,90.567417
-1.920366,100,90.764478
-2.488777,100,90.962978
-1.80771,100,91.160983
-1.675587,100,91.352603
-2.107821,100,91.546437
-1.602456,100,91.741998
-1.387314,100,92.338671
-1.587812,100,92.536541
-1.761419,100,92.729779
-1.483365,100,92.920812
-1.438805,100,93.116292
-1.777446,100,93.307689
-1.852332,100,93.501271
-1.671694,100,93.692993
-1.590636,100,93.890579
-1.15002,100,94.082963
-1.714667,100,94.279943
-1.706361,100,94.475102
-2.107971,100,94.675103
-2.324744,100,95.27016
-1.888665,100,95.462181
-2.04203,100,95.654452
-1.885339,100,95.848823
-1.904262,100,96.042181
-1.770755,100,96.237473
-1.860344,100,96.430338
-1.798418,100,96.630242
-1.603648,100,96.824997
-1.640069,100,97.021124
-1.719913,100,97.214803
-1.864795,100,97.413196
-2.075685,100,98.018508
-1.818726,100,98.217601
-1.714604,100,98.412231
-2.091221,100,98.613187
-2.241865,100,98.811682
-1.437586,100,99.007574
-1.887883,100,99.207146
-1.909173,100,99.402281
-1.947136,100,99.597607
-1.844148,100,99.794084
-2.204782,100,99.987002
-2.030299,100,100.187527
-1.886156,100,100.38233
-1.719284,100,100.976141
-1.73138,100,101.171541
-1.904997,100,101.369144
-2.269755,100,101.566075
-1.809418,100,101.761784
-1.668507,100,101.959143
-2.070182,100,102.157433
-1.566209,100,102.352864
-1.688928,100,102.549284
-2.296049,100,102.745279
-2.45606,100,102.942018
-1.799629,100,103.135578
-1.857888,100,103.747592
-1.396392,100,103.94377
-1.730189,100,104.137306
-1.801259,100,104.332913
-1.775011,100,104.52583
-1.731854,100,104.718463
-1.624286,100,104.912824
-1.894524,100,105.109995
-1.826741,100,105.305019
-1.727838,100,105.499591
-1.721805,100,105.696838
-2.438213,100,105.890768
-1.595602,100,106.08555
-1.863987,100,106.681773
-1.798817,100,106.876702
-1.622349,100,107.075628
-1.775003,100,107.270728
-2.061938,100,107.46735
-1.848543,100,107.660101
-1.76188,100,107.855392
-1.681525,100,108.049695
-1.897018,100,108.247353
-1.867349,100,108.439725
-3.472905,100,108.634431
-1.918869,100,108.828588
-3.103219,100,109.429984
-1.847574,100,109.626871
-2.141557,100,109.824864
-1.94786,100,110.018383
-2.515719,100,110.21586
-1.929685,100,110.406384
-1.85102,100,110.602237
-1.904848,100,110.79979
-2.363741,100,110.994653
-1.845941,100,111.191918
-1.822871,100,111.387859
-2.308283,100,111.59014
-2.333269,100,111.786674
-1.786714,100,112.434669
-2.509097,100,112.626543
-2.095575,100,112.827279
-1.554443,100,113.0229
-2.458381,100,113.219808
-1.873277,100,113.416268
-1.746094,100,113.609218
-1.859749,100,113.806533
-2.573084,100,113.999922
-2.47626,100,114.194089
-2.532962,100,114.390158
-1.877527,100,114.588417
-2.345355,100,115.219849
-1.514438,100,115.413943
-2.291996,100,115.609314
-1.820153,100,115.802416
-1.97786,100,115.997958
-1.791205,100,116.194643
-1.851314,100,116.392452
-1.853304,100,116.593688
-1.843614,100,116.789855
-1.801786,100,116.985407
-1.887166,100,117.183053
-1.827468,100,117.379323
-1.875701,100,117.575182
-1.508678,100,118.181861
-1.824358,100,118.374996
-2.270969,100,118.568729
-2.312803,100,118.766057
-1.900852,100,118.964235
-1.813025,100,119.158227
-2.454393,100,119.355417
-2.45882,100,119.55427
-1.956747,100,119.751269
-2.239005,100,119.947585
-1.82825,100,120.143355
-1.937511,100,120.343575
-1.902993,100,120.946349
-1.918463,100,121.146305
-1.985343,100,121.344963
-1.918391,100,121.543083
-1.855859,100,121.741337
-1.942132,100,121.94769
-1.915176,100,122.150465
-2.193215,100,122.353888
-1.904616,100,122.550515
-1.967883,100,122.747041
-1.945642,100,122.944917
-2.031221,100,123.146057
-1.918597,100,123.350159
-1.952463,100,123.947538
-1.951314,100,124.143699
-1.826584,100,124.343812
-1.89982,100,124.541057
-1.851943,100,124.739295
-2.161476,100,124.937804
-1.913934,100,125.135201
-1.880388,100,125.332826
-3.628909,100,125.526028
-3.190447,100,125.718759
-2.118544,100,125.915169
-1.914436,100,126.110449
-1.87527,100,126.754093
-1.662756,100,126.952825
-1.933499,100,127.147826
-1.949083,100,127.346364
-1.801906,100,127.548123
-1.939537,100,127.739052
-1.881529,100,127.938226
-1.861855,100,128.136455
-1.965071,100,128.333534
-1.721374,100,128.530946
-1.969836,100,128.726518
-1.909484,100,128.923639
-1.84851,100,129.120111
-2.001795,100,129.723266
-1.716828,100,129.920636
-1.691169,100,130.11921
-1.853125,100,130.318275
-3.561659,100,130.518908
-1.917716,100,130.717122
-1.855081,100,130.913771
-1.992304,100,131.112981
-1.723901,100,131.308393
-1.747749,100,131.507928
-1.833678,100,131.70234
-5.262521,100,131.896791
-1.736811,100,132.559144
-2.012891,100,132.757588
-1.630701,100,132.95471
-1.978948,100,133.151707
-1.966904,100,133.348599
-1.98057,100,133.546158
-2.780595,100,133.742944
-1.914396,100,133.94084
-2.013921,100,134.138039
-1.869638,100,134.336086
-1.944457,100,134.533813
-2.447667,100,134.736154
-1.899807,100,134.934927
-1.889177,100,135.616219
-1.846044,100,135.811991
-1.82112,100,136.010261
-2.024165,100,136.208116
-3.350829,100,136.40789
-1.822995,100,136.61143
-3.560582,100,136.80815
-1.935653,100,137.014688
-3.348057,100,137.226895
-1.900903,100,137.441713
-1.906342,100,137.658018
-1.812264,100,137.863762
-1.781844,100,138.560898
-1.903068,100,138.769912
-1.812287,100,138.980814
-1.737574,100,139.19833
-2.103668,100,139.416116
-1.972258,100,139.627074
-1.953827,100,139.8464
-1.84795,100,140.052903
-2.229437,100,140.271121
-3.115448,100,140.492374
-1.848101,100,140.711015
-1.79418,100,140.933084
-1.777639,100,141.16067
-1.954251,100,141.810358
-1.966848,100,142.011399
-1.930855,100,142.209033
-1.894794,100,142.408084
-1.991549,100,142.607886
-1.813766,100,142.80913
-1.859224,100,143.012384
-1.791012,100,143.213805
-2.02321,100,143.416591
-1.766394,100,143.615357
-2.000832,100,143.811665
-1.836466,100,144.008518
-1.93942,100,144.609427
-1.913584,100,144.804705
-1.963122,100,145.000643
-1.804888,100,145.202967
-1.826385,100,145.399323
-1.763979,100,145.595612
-1.737318,100,145.789546
-1.921418,100,145.984998
-1.82855,100,146.178508
-1.922263,100,146.3761
-1.711963,100,146.570424
-1.536959,100,146.770956
-1.746919,100,146.973126
-1.693408,100,147.575698
-1.766429,100,147.76829
-1.660203,100,147.964774
-1.825431,100,148.161893
-1.841327,100,148.364297
-1.782143,100,148.564127
-1.82282,100,148.762001
-1.831826,100,148.959671
-1.826139,100,149.153668
-1.575355,100,149.347457
-1.846856,100,149.54271
-2.021381,100,149.737803
-1.587661,100,150.34177
-1.718469,100,150.542118
-1.66142,100,150.744705
-1.633838,100,150.943426
-1.831154,100,151.140462
-1.863315,100,151.333009
-1.913497,100,151.527379
-1.85888,100,151.717732
-1.767709,100,151.910316
-1.908753,100,152.104998
-1.754809,100,152.301421
-1.737922,100,152.496235
-1.902382,100,152.691883
-1.865447,100,153.29025
-1.909977,100,153.484965
-1.92197,100,153.67676
-1.832976,100,153.873053
-1.871271,100,154.069099
-1.955944,100,154.269439
-1.924674,100,154.465113
-1.832012,100,154.662571
-1.890446,100,154.85474
-1.867441,100,155.050438
-1.870771,100,155.248122
-1.690455,100,155.443261
-2.016933,100,156.03506
-1.867875,100,156.233151
-1.897497,100,156.423528
-2.027065,100,156.618525
-1.744606,100,156.817387
-1.891508,100,157.01355
-1.85701,100,157.208989
-1.751382,100,157.405821
-1.888494,100,157.603745
-1.863888,100,157.798485
-1.82828,100,157.990944
-1.890472,100,158.188878
-1.859016,100,158.386016
-1.833112,100,158.98711
-1.780353,100,159.179174
-1.964704,100,159.374027
-1.889239,100,159.568731
-1.993652,100,159.767634
-1.918982,100,159.957348
-1.894105,100,160.151622
-1.918922,100,160.348107
-1.992719,100,160.544284
-1.878056,100,160.737988
-1.951482,100,160.930581
-1.770581,100,161.124065
-1.776562,100,161.72413
-1.828865,100,161.918501
-1.778934,100,162.113712
-1.781594,100,162.311033
-1.967728,100,162.502873
-1.903083,100,162.696824
-1.917288,100,162.890995
-1.836299,100,163.08251
-1.794078,100,163.277185
-1.881396,100,163.471501
-1.86168,100,163.663767
-1.918976,100,163.85589
-1.740313,100,164.05382
-1.945527,100,164.646795
-1.586533,100,164.842827
-1.843207,100,165.034997
-1.69168,100,165.231622
-1.890692,100,165.430296
-1.895444,100,165.625958
-2.025273,100,165.82033
-1.837792,100,166.011515
-1.960876,100,166.204946
-1.921263,100,166.401953
-1.771404,100,166.594672
-1.757078,100,166.794079
-1.898953,100,167.395944
-1.843228,100,167.589364
-1.625787,100,167.785401
-2.26786,100,167.978103
-1.770418,100,168.172732
-1.898846,100,168.368409
-1.926173,100,168.561728
-2.041671,100,168.759984
-1.923508,100,168.954219
-1.897614,100,169.151104
-1.9475,100,169.344772
-1.821585,100,169.539756
-1.925456,100,169.732701
-1.707268,100,170.325832
-1.927369,100,170.519917
-1.815886,100,170.718145
-1.832184,100,170.918349
-1.940551,100,171.119138
-1.887432,100,171.313844
-2.176735,100,171.510595
-1.92654,100,171.704875
-1.832491,100,171.896669
-1.93259,100,172.092311
-2.014909,100,172.288999
-1.872699,100,172.484895
-1.855503,100,173.076202
-2.184286,100,173.27409
-1.814826,100,173.469001
-1.91822,100,173.663655
-1.938101,100,173.859213
-2.510145,100,174.053007
-1.840843,100,174.249278
-1.988328,100,174.442993
-1.896511,100,174.636528
-1.846761,100,174.834727
-1.840634,100,175.02904
-1.807415,100,175.221245
-1.848701,100,175.416629
-1.878183,100,176.00818
-1.903986,100,176.204291
-1.84004,100,176.404054
-2.006173,100,176.59644
-1.907057,100,176.790107
-1.91542,100,176.981014
-1.842448,100,177.176914
-1.847934,100,177.374875
-1.847568,100,177.56831
-1.933873,100,177.763156
-1.996811,100,177.960552
-1.904003,100,178.15697
-1.800445,100,178.75747
-1.861109,100,178.954804
-1.826922,100,179.150866
-1.98218,100,179.346105
-1.802378,100,179.540489
-1.711965,100,179.735061
-1.72091,100,179.930776
-1.800201,100,180.12552
-1.757554,100,180.317735
-1.903398,100,180.510857
-1.803998,100,180.706646
-1.826022,100,180.901383
-1.868593,100,181.097158
-1.867503,100,181.697741
-1.809165,100,181.892916
-1.730475,100,182.08922
-1.721446,100,182.285442
-1.759409,100,182.483425
-1.902502,100,182.682121
-1.858424,100,182.880739
-1.822241,100,183.07743
-1.755742,100,183.278706
-1.808451,100,183.47341
-1.87177,100,183.670242
-1.805058,100,183.86915
-1.763858,100,184.471039
-1.887125,100,184.664814
-1.720106,100,184.860797
-1.740822,100,185.061869
-1.829386,100,185.255856
-1.907849,100,185.449487
-2.383568,100,185.644928
-1.867772,100,185.841395
-1.895337,100,186.039752
-1.964642,100,186.23587
-1.794211,100,186.436646
-1.91628,100,186.636577
-1.854758,100,186.84288
-1.995581,100,187.443298
-1.904629,100,187.643997
-1.90791,100,187.841027
-2.081854,100,188.035983
-1.829962,100,188.226512
-1.679012,100,188.427632
-1.812867,100,188.626413
-1.812711,100,188.823423
-1.844735,100,189.014598
-1.878826,100,189.212128
-1.911349,100,189.405761
-1.79192,100,189.599633
-1.89915,100,190.219202
-1.829774,100,190.415355
-1.809689,100,190.609268
-1.87664,100,190.805336
-2.01066,100,191.001527
-1.921168,100,191.196338
-1.877572,100,191.391922
-1.982491,100,191.588033
-1.810453,100,191.784551
-1.777512,100,191.977805
-1.833203,100,192.171026
-1.821071,100,192.367105
-1.80412,100,192.561389
-1.981564,100,193.160916
-1.868121,100,193.353577
-2.027063,100,193.553983
-1.723007,100,193.749529
-1.840449,100,193.943386
-1.938162,100,194.138745
-1.887356,100,194.333007
-1.755376,100,194.528852
-1.818706,100,194.724517
-2.070497,100,194.922613
-1.744093,100,195.123912
-1.628624,100,195.319704
-1.756668,100,195.966403
-1.730262,100,196.163829
-1.80407,100,196.367909
-2.061688,100,196.562617
-2.098278,100,196.758262
-2.133884,100,196.955419
-2.020979,100,197.152383
-1.905881,100,197.347635
-1.805626,100,197.540232
-1.864024,100,197.735812
-2.09148,100,197.934865
-2.047056,100,198.131612
-1.838529,100,198.326198
-2.22007,100,198.9231
-1.805781,100,199.118566
-2.014838,100,199.321864
-1.86339,100,199.517129
-1.791455,100,199.710168
-1.909103,100,199.904777
-2.007996,100,200.099112
-1.989174,100,200.293795
-1.861694,100,200.489144
-1.795823,100,200.685835
-1.738386,100,200.87974
-1.85661,100,201.074915
-1.857267,100,201.671862
-1.804989,100,201.87192
-1.780721,100,202.067479
-2.499312,100,202.267067
-2.184361,100,202.462616
-1.983274,100,202.661111
-1.90433,100,202.860148
-1.864699,100,203.056403
-1.907553,100,203.25479
-2.063437,100,203.449983
-1.812838,100,203.642404
-1.860456,100,203.837133
-1.949194,100,204.032104
-1.895382,100,204.635734
-2.073711,100,204.830554
-1.820505,100,205.024143
-1.948426,100,205.217984
-1.80907,100,205.415862
-1.832299,100,205.613451
-1.939229,100,205.806752
-1.840288,100,206.0017
-1.902124,100,206.200425
-1.783153,100,206.405018
-1.834965,100,206.605877
-2.061333,100,206.803599
-2.258925,100,207.409545
-1.994108,100,207.608093
-2.019241,100,207.811769
-2.296252,100,208.006155
-1.886076,100,208.202522
-2.0734,100,208.399601
-1.889375,100,208.592285
-1.902077,100,208.78763
-1.809824,100,208.984722
-1.999589,100,209.182877
-1.877108,100,209.379892
-1.982829,100,209.576153
-1.914603,100,209.774603
-1.762244,100,210.375623
-1.852618,100,210.570407
-2.133714,100,210.762625
-1.901964,100,210.957922
-2.321523,100,211.154239
-1.814124,100,211.346151
-1.815482,100,211.541466
-1.885742,100,211.736144
-1.987245,100,211.92891
-1.814385,100,212.124104
-1.902493,100,212.317891
-1.896711,100,212.511404
-2.457425,100,213.108651
-1.9412,100,213.30502
-1.935671,100,213.497036
-2.006727,100,213.686836
-1.880942,100,213.88405
-2.013252,100,214.077083
-1.959615,100,214.275188
-1.879305,100,214.477308
-1.777763,100,214.678853
-1.828042,100,214.876247
-1.925423,100,215.070022
-2.021403,100,215.266385
-2.034226,100,215.464063
-2.01538,100,216.059551
-1.875338,100,216.253057
-1.917898,100,216.449869
-2.176026,100,216.642132
-2.02324,100,216.835787
-1.950579,100,217.029451
-2.916502,100,217.223244
-1.861937,100,217.416308
-2.155587,100,217.612654
-1.87399,100,217.810744
-2.754558,100,218.012242
-1.966155,100,218.21264
-1.902195,100,218.80774
-1.925694,100,219.004302
-1.928513,100,219.205941
-2.19885,100,219.401849
-1.888485,100,219.59984
-1.890719,100,219.796715
-1.947532,100,219.994002
-2.446517,100,220.195786
-1.809182,100,220.389872
-1.882144,100,220.586882
-1.907535,100,220.781768
-1.960254,100,220.975714
-2.025182,100,221.171005
-2.098061,100,221.77207
-1.955931,100,221.970325
-1.924661,100,222.163765
-1.957745,100,222.354478
-1.875029,100,222.550812
-1.657552,100,222.746695
-1.913885,100,222.941076
-1.899473,100,223.135279
-1.822282,100,223.328962
-1.84926,100,223.525093
-1.819222,100,223.721733
-1.912607,100,223.917839
-2.306503,100,224.509888
-1.904148,100,224.701877
-1.888126,100,224.896335
-1.682076,100,225.087243
-1.763768,100,225.280113
-1.861161,100,225.478235
-1.866846,100,225.672154
-2.130067,100,225.870343
-1.959906,100,226.063117
-1.863635,100,226.256746
-1.918834,100,226.449823
-1.90697,100,226.642667
-1.961197,100,226.838784
-1.841945,100,227.435426
-1.877986,100,227.62768
-2.135249,100,227.826633
-1.894879,100,228.02473
-1.863849,100,228.219874
-1.928802,100,228.416542
-1.846064,100,228.611101
-1.870714,100,228.803944
-1.841224,100,229.007755
-1.827083,100,229.203298
-1.888616,100,229.394321
-2.252792,100,229.586831
-1.852054,100,230.187754
-1.958756,100,230.391988
-2.046704,100,230.584714
-1.869089,100,230.777147
-1.953142,100,230.975456
-1.961393,100,231.173048
-1.785908,100,231.369014
-1.943928,100,231.565169
-1.900675,100,231.760427
-1.970142,100,231.957418
-1.813229,100,232.151154
-1.949175,100,232.348474
-2.07444,100,232.544266
-1.858836,100,233.139861
-1.875681,100,233.335115
-1.954734,100,233.52793
-2.026109,100,233.726909
-1.660547,100,233.9211
-1.670044,100,234.115004
-1.946778,100,234.312183
-1.908632,100,234.508399
-2.049033,100,234.704569
-1.974043,100,234.900545
-1.853304,100,235.095652
-1.858475,100,235.290465
-2.03648,100,235.884729
-1.819088,100,236.079878
-1.855865,100,236.274201
-1.785991,100,236.470596
-1.950229,100,236.666552
-1.891408,100,236.860879
-1.906605,100,237.052337
-1.876126,100,237.247257
-1.864273,100,237.439145
-1.863269,100,237.636749
-1.981185,100,237.832237
-1.810007,100,238.028213
-1.910305,100,238.223076
-1.837039,100,238.827677
-2.023333,100,239.026767
-1.700131,100,239.221058
-1.876024,100,239.41897
-1.931865,100,239.61376
-1.909477,100,239.808346
-1.878523,100,240.009497
-1.890117,100,240.205926
-2.082029,100,240.406737
-1.928956,100,240.604466
-1.941889,100,240.799553
-2.0339,100,240.997952
-1.89851,100,241.597347
-1.794484,100,241.793928
-1.84148,100,241.994726
-1.975453,100,242.191761
-1.849698,100,242.388582
-1.896051,100,242.585448
-1.891125,100,242.788584
-1.971844,100,242.986464
-1.945675,100,243.183405
-1.711456,100,243.381188
-1.97658,100,243.576774
-1.907301,100,243.773198
-1.906646,100,243.969141
-1.882838,100,244.576224
-1.85133,100,244.773469
-1.752067,100,244.968351
-1.931911,100,245.165103
-1.875709,100,245.362509
-1.815965,100,245.562406
-1.896748,100,245.762953
-1.84147,100,245.959677
-1.846289,100,246.156826
-1.977733,100,246.355771
-1.886777,100,246.554703
-1.901092,100,246.752627
-1.821361,100,247.354506
-1.925335,100,247.55523
-2.079331,100,247.749743
-1.849522,100,247.944432
-1.968432,100,248.142784
-1.948019,100,248.339123
-1.909274,100,248.538357
-1.767878,100,248.736739
-1.879643,100,248.934072
-1.932783,100,249.134297
-1.775853,100,249.336713
-1.855914,100,249.53269
-1.939271,100,249.730876
-1.904151,100,250.339487
-1.888915,100,250.539339
-1.942736,100,250.737787
-1.857886,100,250.932505
-1.835625,100,251.134567
-1.912508,100,251.330294
-1.935792,100,251.525922
-1.927284,100,251.721038
-2.086706,100,251.917768
-1.714604,100,252.110249
-1.896647,100,252.307162
-1.944417,100,252.503977
-2.117996,100,253.111448
-1.910462,100,253.310303
-1.687828,100,253.504982
-1.811631,100,253.703403
-1.992463,100,253.900125
-1.756672,100,254.094587
-1.73049,100,254.297069
-1.647374,100,254.499222
-1.917692,100,254.69803
-2.133154,100,254.897494
-1.787352,100,255.093389
-1.857509,100,255.28892
-1.977985,100,255.485287
-1.957469,100,256.083146
-1.816271,100,256.279794
-1.709256,100,256.477204
-1.968549,100,256.673787
-1.863029,100,256.872664
-1.911278,100,257.068619
-1.838734,100,257.266867
-1.798342,100,257.462554
-1.876176,100,257.658237
-1.881851,100,257.853405
-1.958388,100,258.050651
-1.96016,100,258.247688
-1.987962,100,258.845761
-1.871019,100,259.0457
-2.046047,100,259.245282
-1.995616,100,259.440718
-1.917442,100,259.636255
-1.936429,100,259.834174
-1.903321,100,260.028953
-1.948703,100,260.224663
-2.106835,100,260.426589
-1.997674,100,260.625706
-2.32546,100,260.822889
-1.7651,100,261.020274
-1.881686,100,261.219673
-1.962594,100,261.822791
-1.956985,100,262.020948
-1.881653,100,262.217484
-1.978723,100,262.416311
-2.266003,100,262.615433
-1.986194,100,262.81412
-1.859493,100,263.008287
-1.879201,100,263.207748
-1.950296,100,263.40636
-1.942941,100,263.605679
-1.9036,100,263.805625
-1.978271,100,264.005162
-1.889958,100,264.609598
-1.894331,100,264.804025
-1.891831,100,265.000006
-1.812233,100,265.19747
-2.098325,100,265.392895
-2.041097,100,265.58562
-1.770265,100,265.786281
-1.688971,100,265.983134
-1.910903,100,266.183666
-2.029643,100,266.378282
-1.987636,100,266.574142
-1.905315,100,266.772158
-1.931244,100,266.967365
-1.856922,100,267.567584
-1.918948,100,267.767931
-1.934343,100,267.963755
-1.906194,100,268.162735
-1.888687,100,268.356468
-1.979114,100,268.559486
-1.839003,100,268.758993
-1.873772,100,268.95807
-1.884619,100,269.152529
-1.964,100,269.349712
-2.16368,100,269.5559
-1.846184,100,269.757412
-1.889416,100,270.365145
-1.893227,100,270.563956
-2.132719,100,270.762155
-1.899627,100,270.957412
-2.006743,100,271.151672
-1.962353,100,271.348595
-2.000885,100,271.553018
-1.819589,100,271.751448
-1.856103,100,271.948507
-1.986581,100,272.146421
-1.86607,100,272.34511
-1.915251,100,272.548095
-1.924187,100,272.752957
-2.043235,100,273.456079
-1.925551,100,273.678421
-1.904487,100,273.878335
-1.892661,100,274.080579
-1.84252,100,274.282595
-2.103618,100,274.500257
-2.041479,100,274.717724
-1.928767,100,274.944543
-1.786468,100,275.177831
-1.869972,100,275.396171
-1.897346,100,275.623588
-2.293439,100,275.845611
-2.102703,100,276.467874
-2.008366,100,276.686412
-1.903422,100,276.910879
-1.894359,100,277.131413
-1.907775,100,277.349277
-1.829003,100,277.561673
-2.061409,100,277.772449
-2.014903,100,277.988822
-1.922565,100,278.213896
-2.032572,100,278.438208
-1.921872,100,278.662637
-1.879394,100,278.885704
-2.093021,100,279.088162
-1.967851,100,279.697142
-1.903734,100,279.896412
-2.17026,100,280.098837
-2.02073,100,280.296529
-1.885222,100,280.494167
-1.954291,100,280.692673
-1.886005,100,280.891462
-1.926858,100,281.092599
-1.781392,100,281.290446
-1.909331,100,281.488153
-1.826223,100,281.68961
-2.308328,100,281.886049
-1.875322,100,282.488219
-1.85686,100,282.683838
-1.847448,100,282.879437
-1.999386,100,283.07798
-1.971312,100,283.278994
-1.783515,100,283.479454
-1.888022,100,283.679488
-1.819193,100,283.8742
-1.980938,100,284.073711
-1.95542,100,284.267566
-1.912092,100,284.465384
-1.870838,100,284.661508
-1.876683,100,284.856054
-1.823472,100,285.454821
-1.979496,100,285.650184
-1.904565,100,285.844626
-1.909257,100,286.041743
-2.355929,100,286.236318
-1.891045,100,286.432069
-1.928671,100,286.629094
-1.89006,100,286.826701
-2.022281,100,287.024789
-1.928405,100,287.221262
-1.928676,100,287.418511
-2.039806,100,287.613218
-2.124715,100,288.227031
-1.889072,100,288.425304
-1.904576,100,288.629653
-1.813727,100,288.826852
-1.929297,100,289.022617
-1.962139,100,289.222784
-1.948899,100,289.422181
-2.183934,100,289.624148
-1.956092,100,289.81942
-1.978253,100,290.016941
-1.898193,100,290.222294
-2.109438,100,290.422536
-1.926893,100,290.620719
