#{"t_start": 1593513207.1647782, "env_id": "widowx_reacher-v8"}
r,l,t
-1.408163,100,3.762666
-0.452731,100,3.801147
-0.679346,100,3.839201
-0.434733,100,3.877963
-0.514135,100,3.916144
-3.14923,100,3.95432
-0.398789,100,3.992667
-2.893216,100,4.030858
-2.186113,100,4.069349
-1.413395,100,4.107618
-0.359631,100,5.136415
-1.171503,100,5.592823
-0.35478,100,6.038327
-5.187612,100,6.47626
-1.333567,100,6.915077
-3.15091,100,7.354959
-2.853326,100,7.816252
-4.83666,100,8.26329
-3.01062,100,8.713659
-4.23072,100,9.168754
-0.11775,100,9.621917
-0.59027,100,10.058768
-1.971931,100,10.493594
-2.278483,100,10.925961
-3.058656,100,11.354606
-3.209671,100,11.78949
-1.405111,100,12.2296
-5.293705,100,12.687323
-2.087821,100,13.134606
-2.725289,100,13.572956
-0.943468,100,14.017067
-2.086373,100,14.469287
-5.832267,100,14.904229
-2.518595,100,15.335955
-3.457612,100,15.792459
-1.759511,100,16.255456
-1.338616,100,16.706751
-2.679348,100,17.149066
-3.185618,100,17.594399
-2.733047,100,18.039228
-0.367504,100,18.481346
-2.874789,100,18.924779
-2.223927,100,19.380908
-1.689542,100,19.833709
-1.417561,100,20.289749
-2.618155,100,20.754661
-3.848433,100,21.205894
-1.715532,100,21.666642
-3.042358,100,22.100115
-1.088489,100,22.537382
-2.899605,100,22.993046
-0.929722,100,23.441317
-0.48783,100,23.894012
-2.662349,100,24.337297
-4.484518,100,24.783131
-0.605429,100,25.227114
-3.24523,100,25.675791
-1.451845,100,26.123859
-0.768825,100,26.572555
-1.172551,100,27.018977
-1.895248,100,27.458184
-1.17867,100,27.914075
-1.216298,100,28.346735
-1.777965,100,28.788255
-1.89827,100,29.226839
-2.688291,100,29.675759
-1.136107,100,30.12709
-2.51146,100,30.578688
-2.252656,100,31.024742
-2.144634,100,31.477655
-3.549101,100,31.926518
-1.170086,100,32.387134
-0.975749,100,32.855495
-2.420477,100,33.321345
-2.864919,100,33.777198
-2.080657,100,34.224084
-3.325287,100,34.672837
-0.667471,100,35.116885
-1.566215,100,35.575947
-2.677929,100,36.041797
-1.705256,100,36.500428
-1.000505,100,36.946253
-0.545494,100,37.409729
-1.094264,100,37.863398
-2.439611,100,38.300244
-2.05781,100,38.752766
-1.857111,100,39.202449
-1.229362,100,39.647107
-2.223616,100,40.094427
-1.076693,100,40.539984
-2.15391,100,41.000597
-0.897963,100,41.457866
-1.837755,100,41.928624
-0.685743,100,42.370733
-1.944239,100,42.818436
-0.560595,100,43.260569
-1.902778,100,43.718213
-2.663141,100,44.173196
-2.634758,100,44.634027
-3.108511,100,45.093745
-3.082614,100,45.894422
-1.524989,100,46.34423
-0.71448,100,46.786179
-1.171772,100,47.235831
-0.79349,100,47.691314
-1.819102,100,48.14252
-2.240916,100,48.625651
-0.277394,100,49.108781
-3.855736,100,49.571739
-0.997399,100,50.034105
-2.867979,100,50.508593
-1.282286,100,50.975036
-0.230326,100,51.445756
-2.065084,100,51.92966
-5.613366,100,52.390502
-1.429434,100,52.861362
-2.076588,100,53.326435
-4.211974,100,53.795881
-1.143656,100,54.250845
-1.550278,100,54.713493
-0.973079,100,55.186267
-1.661746,100,55.648072
-1.309884,100,56.126279
-2.205397,100,56.596804
-4.627725,100,57.061177
-2.235156,100,57.53118
-3.667047,100,57.999533
-0.998025,100,58.458797
-0.75289,100,58.935818
-0.467993,100,59.41981
-2.614262,100,59.888386
-4.421619,100,60.349174
-0.536216,100,60.815661
-3.824222,100,61.287261
-0.24808,100,61.765145
-3.122024,100,62.231721
-2.552278,100,62.684624
-0.195979,100,63.150489
-1.874436,100,63.611311
-4.197797,100,64.070008
-3.7572,100,64.547567
-4.038379,100,65.021039
-3.386464,100,65.491792
-3.208837,100,65.973568
-0.225138,100,66.441902
-1.14096,100,66.89991
-3.623937,100,67.36223
-0.749166,100,67.840295
-1.045592,100,68.296483
-1.451559,100,68.777458
-2.482521,100,69.258855
-5.481821,100,69.721968
-1.170625,100,70.190671
-1.688111,100,70.654386
-0.941759,100,71.110791
-3.061254,100,71.56653
-1.763734,100,72.022065
-1.347159,100,72.486927
-2.187369,100,72.951436
-1.210278,100,73.421867
-1.722111,100,73.890136
-0.639104,100,74.356461
-0.833664,100,74.817602
-0.782119,100,75.281248
-2.256082,100,75.748765
-1.697087,100,76.215293
-0.275968,100,76.675585
-1.634171,100,77.147654
-1.011098,100,77.619052
-1.594113,100,78.079404
-2.315244,100,78.545623
-3.99885,100,79.002635
-2.769334,100,79.453334
-1.563718,100,79.906529
-0.519801,100,80.368127
-1.576534,100,80.831294
-2.316275,100,81.292025
-0.347377,100,81.757829
-1.227063,100,82.211605
-0.762819,100,82.672267
-0.838149,100,83.119232
-0.325336,100,83.597205
-2.034668,100,84.062837
-2.706992,100,84.524003
-0.882493,100,84.994459
-5.308546,100,85.476609
-2.830761,100,85.944464
-3.018383,100,86.399356
-2.128393,100,86.879719
-1.250457,100,87.368699
-3.441827,100,87.847546
-3.404828,100,88.323897
-3.82786,100,88.812992
-0.811856,100,89.316888
-4.181677,100,89.807059
-2.647215,100,90.273706
-1.161831,100,90.74121
-0.821493,100,91.21931
-0.627143,100,91.690745
-4.659609,100,92.151703
-2.733288,100,92.910938
-3.24633,100,93.383533
-3.507223,100,93.866971
-0.59158,100,94.339768
-0.708689,100,94.810734
-3.104921,100,95.272179
-4.127218,100,95.727448
-1.608976,100,96.191221
-2.749871,100,96.659049
-0.723301,100,97.125216
-2.227637,100,97.585418
-2.703191,100,98.040616
-1.213994,100,98.500987
-1.495753,100,98.964535
-0.962969,100,99.427122
-1.333267,100,99.891737
-5.463957,100,100.350597
-1.485505,100,100.804046
-4.130354,100,101.262967
-0.528836,100,101.716309
-0.881248,100,102.185118
-0.58965,100,102.647183
-1.641696,100,103.126427
-1.116047,100,103.608488
-0.586434,100,104.09455
-0.533027,100,104.562416
-1.95944,100,105.040443
-1.757257,100,105.513879
-1.32199,100,105.983734
-2.197349,100,106.462268
-3.616691,100,106.924001
-0.763684,100,107.393017
-2.956857,100,107.86565
-3.484925,100,108.343246
-4.143843,100,108.822324
-1.47209,100,109.310849
-1.083373,100,109.801282
-1.312645,100,110.294135
-1.823649,100,110.782743
-2.407578,100,111.255628
-1.116595,100,111.714714
-2.385192,100,112.216704
-2.015562,100,112.689404
-1.621865,100,113.161051
-0.952008,100,113.668048
-0.421609,100,114.135294
-2.01252,100,114.603562
-1.837466,100,115.07081
-1.283107,100,115.527872
-1.594318,100,115.998438
-1.24327,100,116.478949
-1.729475,100,116.950238
-1.912766,100,117.408382
-4.880934,100,117.878704
-2.559873,100,118.347562
-5.191521,100,118.811945
-1.961097,100,119.287683
-1.595078,100,119.757622
-2.062397,100,120.213869
-2.22345,100,120.672444
-0.103295,100,121.135762
-0.25439,100,121.598317
-0.598338,100,122.048058
-1.423001,100,122.512395
-1.085809,100,122.965329
-0.621423,100,123.436577
-2.194184,100,123.91235
-0.664064,100,124.38924
-0.956217,100,124.859637
-0.786567,100,125.323281
-0.485107,100,125.78623
-1.8375,100,126.241358
-1.703072,100,126.700324
-0.803098,100,127.151043
-1.34645,100,127.593399
-0.378692,100,128.048061
-1.962435,100,128.503106
-1.680237,100,128.960029
-1.480867,100,129.435916
-0.715359,100,129.892356
-0.693724,100,130.347845
-1.432086,100,130.796559
-0.309188,100,131.251716
-3.950253,100,131.700642
-0.731717,100,132.168684
-0.332071,100,132.624434
-0.337258,100,133.088844
-0.086983,100,133.551597
-0.626063,100,134.005588
-0.573843,100,134.463282
-1.216827,100,134.915988
-0.479471,100,135.376412
-0.095394,100,135.833298
-0.628971,100,136.289328
-1.297801,100,136.755195
-0.372081,100,137.229374
-0.101987,100,137.703398
-0.309745,100,138.161209
-0.578008,100,138.61113
-1.142051,100,139.070333
-0.148193,100,139.812718
-1.26746,100,140.281813
-2.401246,100,140.753313
-0.362017,100,141.228354
-0.321734,100,141.69384
-1.223085,100,142.163261
-0.526493,100,142.627567
-1.643156,100,143.097137
-0.763477,100,143.587496
-0.826171,100,144.050775
-0.885086,100,144.539037
-1.361513,100,145.016396
-2.532981,100,145.500986
-1.000205,100,145.990988
-1.582814,100,146.45945
-0.468803,100,146.946098
-0.444672,100,147.411601
-0.213274,100,147.868135
-0.553145,100,148.334345
-0.292305,100,148.822441
-1.503738,100,149.294086
-0.879018,100,149.765275
-2.758375,100,150.259022
-0.888637,100,150.75088
-1.404102,100,151.237788
-2.750312,100,151.714137
-1.215598,100,152.188152
-0.354482,100,152.670478
-3.579415,100,153.158627
-0.881125,100,153.665255
-1.649143,100,154.156013
-0.270057,100,154.640746
-1.616679,100,155.126215
-0.625212,100,155.61768
-0.532339,100,156.088805
-0.710675,100,156.576736
-0.413647,100,157.067468
-1.91137,100,157.55879
-1.337282,100,158.04021
-0.414351,100,158.502631
-0.736901,100,158.978719
-1.37528,100,159.452951
-0.885208,100,159.92477
-2.745007,100,160.404685
-0.286223,100,160.873506
-0.180662,100,161.349574
-0.953928,100,161.834955
-0.398123,100,162.296598
-1.426004,100,162.742362
-1.783215,100,163.203621
-0.536244,100,163.692512
-0.58644,100,164.237555
-0.199353,100,164.723764
-1.929081,100,165.214293
-1.821469,100,165.694857
-0.325501,100,166.163788
-1.1478,100,166.66576
-2.093137,100,167.162907
-0.275102,100,167.651714
-1.0311,100,168.128515
-0.979509,100,168.600555
-1.746979,100,169.074013
-1.379386,100,169.560461
-1.423826,100,170.061373
-0.87664,100,170.543041
-1.432817,100,171.025058
-1.509665,100,171.524639
-1.277798,100,172.003397
-1.64384,100,172.495988
-0.896079,100,172.969376
-2.728344,100,173.456728
-1.960842,100,173.94026
-0.137935,100,174.427232
-1.629092,100,174.915113
-0.456389,100,175.403704
-0.79937,100,175.906821
-0.111088,100,176.397828
-0.616352,100,176.896543
-1.185036,100,177.391432
-0.214951,100,177.861068
-0.973315,100,178.332518
-0.421738,100,178.801859
-1.744052,100,179.286624
-1.428037,100,179.786829
-1.010533,100,180.265267
-1.523925,100,180.733797
-0.708735,100,181.208525
-2.151066,100,181.695066
-0.470602,100,182.1842
-0.456204,100,182.641511
-1.882018,100,183.098566
-0.504182,100,183.582648
-1.13056,100,184.052907
-0.233365,100,184.543546
-0.660869,100,185.025069
-1.704354,100,185.544274
-1.378615,100,186.03632
-1.747061,100,186.529502
-1.800402,100,187.009218
-0.910725,100,187.484348
-0.495419,100,188.257296
-1.516481,100,188.740225
-0.650957,100,189.23297
-1.172833,100,189.724096
-0.619695,100,190.250725
-0.498207,100,190.741395
-0.633957,100,191.207949
-0.817772,100,191.677629
-0.359493,100,192.182852
-0.568702,100,192.695335
-0.4029,100,193.162479
-0.12096,100,193.633411
-0.179086,100,194.102167
-1.462506,100,194.573131
-2.427857,100,195.028659
-0.767983,100,195.487478
-0.109577,100,195.965467
-0.327729,100,196.466033
-1.038937,100,196.953735
-0.431309,100,197.449464
-0.42223,100,197.945375
-1.048895,100,198.458789
-0.488113,100,198.957631
-0.380928,100,199.434075
-1.042635,100,199.906045
-0.540751,100,200.376161
-0.466633,100,200.850715
-1.304849,100,201.334952
-0.234162,100,201.829656
-0.532141,100,202.289955
-1.494066,100,202.752446
-1.859356,100,203.221568
-1.275312,100,203.69071
-1.414175,100,204.164515
-0.342054,100,204.63987
-0.366236,100,205.135359
-0.656718,100,205.646122
-0.378927,100,206.160936
-0.496557,100,206.64845
-0.356514,100,207.133719
-0.204329,100,207.597655
-0.394467,100,208.070613
-0.390688,100,208.542928
-0.63823,100,209.013768
-1.649521,100,209.484088
-0.414229,100,209.96495
-0.401557,100,210.425045
-0.758343,100,210.895801
-0.46997,100,211.383105
-0.361336,100,211.86266
-0.188584,100,212.343436
-1.448231,100,212.799597
-0.889978,100,213.267828
-0.204036,100,213.74537
-0.79705,100,214.202732
-0.164546,100,214.661936
-0.556461,100,215.120554
-0.270455,100,215.578372
-0.152083,100,216.032197
-0.44659,100,216.497004
-0.464849,100,216.966788
-0.185981,100,217.438393
-0.99324,100,217.910496
-0.617032,100,218.368813
-0.479784,100,218.827831
-0.395977,100,219.283612
-1.001328,100,219.758167
-0.210657,100,220.224089
-0.374574,100,220.689531
-0.275993,100,221.167735
-1.50047,100,221.639653
-0.415169,100,222.118443
-0.112539,100,222.582769
-0.206873,100,223.023142
-0.344775,100,223.484256
-1.330088,100,223.964244
-0.975839,100,224.449359
-0.367705,100,224.939258
-0.398516,100,225.410438
-0.20292,100,225.899803
-0.39115,100,226.370017
-0.728149,100,226.841782
-0.803419,100,227.300462
-0.651103,100,227.764045
-0.52168,100,228.223153
-0.095933,100,228.692412
-0.391855,100,229.174145
-1.282477,100,229.661733
-0.29511,100,230.123671
-0.186533,100,230.573605
-0.499817,100,231.025653
-0.329207,100,231.496266
-0.115668,100,231.939532
-0.144853,100,232.380997
-1.743936,100,232.860727
-0.302166,100,233.326643
-0.168112,100,233.799785
-0.492569,100,234.24817
-0.285948,100,234.694796
-3.080151,100,235.149855
-0.302736,100,235.906182
-1.054863,100,236.372424
-0.165051,100,236.840884
-0.471207,100,237.304514
-0.565954,100,237.787599
-3.926777,100,238.230672
-0.268911,100,238.682097
-0.818956,100,239.145532
-0.36787,100,239.617879
-0.661546,100,240.082982
-0.931644,100,240.575146
-0.261201,100,241.056278
-0.169588,100,241.53994
-0.167643,100,242.015794
-0.500237,100,242.525751
-1.53907,100,243.037376
-0.493614,100,243.518436
-1.037907,100,244.003601
-0.466043,100,244.486687
-0.227196,100,244.995111
-0.275584,100,245.488432
-0.547778,100,246.028439
-0.914199,100,246.51121
-0.394887,100,246.984884
-0.592232,100,247.478285
-0.083979,100,247.958405
-0.279281,100,248.464252
-0.862251,100,248.951017
-1.053922,100,249.542798
-0.779766,100,250.072931
-0.730022,100,250.546544
-0.580328,100,251.060491
-0.343253,100,251.53627
-0.414351,100,252.037725
-0.693883,100,252.522789
-0.109376,100,253.004635
-0.256162,100,253.493171
-0.466708,100,254.000618
-0.777936,100,254.519358
-0.255879,100,255.050703
-0.272259,100,255.550799
-0.650017,100,256.039068
-0.489616,100,256.595604
-0.154834,100,257.102691
-0.427433,100,257.610095
-0.486248,100,258.102907
-0.489115,100,258.590789
-0.61212,100,259.071746
-0.179844,100,259.608202
-0.118049,100,260.133349
-1.664421,100,260.637455
-0.538335,100,261.129204
-0.551638,100,261.620001
-0.403376,100,262.098356
-0.781483,100,262.577404
-0.611627,100,263.045412
-0.755496,100,263.524624
-0.344363,100,264.012847
-0.724439,100,264.485979
-0.112318,100,264.969204
-0.4882,100,265.456496
-0.574806,100,265.942712
-0.616678,100,266.424392
-0.29329,100,266.908412
-1.01395,100,267.373519
-0.063958,100,267.855187
-0.51117,100,268.341371
-0.448431,100,268.885103
-0.858982,100,269.395463
-0.185903,100,269.895327
-0.544453,100,270.38697
-2.466289,100,270.8665
-0.195058,100,271.342018
-2.404756,100,271.835588
-0.789579,100,272.312017
-0.324619,100,272.817204
-0.191699,100,273.342123
-0.524577,100,273.838801
-0.368753,100,274.311464
-0.17036,100,274.791533
-0.204858,100,275.347623
-0.457762,100,275.85835
-0.134175,100,276.353004
-0.178274,100,276.852013
-0.709034,100,277.337521
-0.9697,100,277.841286
-0.685037,100,278.334891
-0.139534,100,278.842863
-0.348488,100,279.326919
-0.29415,100,279.801837
-0.925207,100,280.278346
-0.191275,100,280.767102
-0.750323,100,281.309187
-0.926617,100,281.796637
-0.235423,100,282.274768
-0.472284,100,282.751388
-0.143524,100,283.226219
-0.101913,100,283.699353
-1.338094,100,284.194563
-0.205521,100,284.689392
-0.879115,100,285.484771
-0.186079,100,285.985547
-0.085652,100,286.448109
-3.180424,100,286.902373
-0.081563,100,287.362917
-0.986772,100,287.827557
-0.316031,100,288.289697
-0.514028,100,288.748005
-1.223239,100,289.216429
-0.089099,100,289.683448
-0.294072,100,290.134083
-0.395833,100,290.604642
-1.230131,100,291.06523
-0.509461,100,291.541922
-0.413708,100,291.993382
-0.777891,100,292.466476
-0.105528,100,292.94059
-0.152187,100,293.413076
-0.479462,100,293.90736
-0.275848,100,294.390594
-0.203805,100,294.855401
-1.335174,100,295.296571
-0.23159,100,295.783851
-0.782348,100,296.266896
-1.307133,100,296.779616
-1.187155,100,297.267461
-1.149342,100,297.771316
-0.384161,100,298.265518
-1.248991,100,298.749492
-0.245773,100,299.228055
-0.433224,100,299.703655
-0.230787,100,300.184251
-0.216727,100,300.677075
-0.642353,100,301.197331
-0.280011,100,301.69416
-0.413322,100,302.165708
-0.269171,100,302.665182
-0.162939,100,303.139897
-0.899708,100,303.608501
-0.256769,100,304.075024
-0.495088,100,304.550139
-0.483471,100,305.026722
-1.216668,100,305.532979
-0.455411,100,306.004099
-2.094659,100,306.472444
-0.388478,100,306.935713
-1.290725,100,307.430529
-0.347399,100,307.911834
-2.874395,100,308.388099
-1.495218,100,308.870042
-0.542903,100,309.352195
-0.335238,100,309.876881
-0.772447,100,310.392019
-0.492271,100,310.870897
-0.327502,100,311.353626
-0.169324,100,311.82538
-0.722846,100,312.302539
-0.244238,100,312.791269
-0.279834,100,313.279534
-0.230884,100,313.764202
-0.467129,100,314.246117
-0.46504,100,314.717231
-0.375413,100,315.2105
-0.598544,100,315.704792
-0.052242,100,316.18912
-0.318798,100,316.682047
-1.076282,100,317.169931
-0.896717,100,317.664494
-1.12494,100,318.14239
-2.594501,100,318.61444
-0.237041,100,319.090728
-0.186137,100,319.567365
-0.08234,100,320.038373
-0.107365,100,320.529659
-0.197952,100,321.021606
-0.37983,100,321.509525
-0.058017,100,321.99561
-0.161017,100,322.487182
-0.533102,100,322.990023
-0.879215,100,323.497736
-0.347786,100,323.986396
-0.391083,100,324.456729
-0.659142,100,324.931577
-0.142149,100,325.433665
-0.456891,100,325.937095
-0.94846,100,326.406661
-0.162919,100,326.863621
-0.737143,100,327.316101
-2.179827,100,327.783599
-0.569284,100,328.251435
-0.192578,100,328.742084
-0.271609,100,329.22653
-0.634711,100,329.695115
-0.540475,100,330.160099
-0.537146,100,330.616421
-0.461993,100,331.092717
-0.771513,100,331.567309
-0.274823,100,332.046911
-0.570935,100,332.52984
-0.554827,100,333.000515
-1.06736,100,333.823991
-0.960444,100,334.305122
-1.378238,100,334.778121
-0.60324,100,335.251764
-0.42727,100,335.722155
-2.1265,100,336.182225
-0.802562,100,336.656794
-0.021511,100,337.134032
-0.393162,100,337.620276
-0.362684,100,338.10216
-0.798231,100,338.5782
-0.291369,100,339.042884
-0.921167,100,339.53165
-0.734183,100,340.008319
-0.504634,100,340.504575
-0.011859,100,340.990707
-0.580825,100,341.478082
-0.599016,100,341.96294
-0.630617,100,342.437162
-0.135057,100,342.927917
-0.48632,100,343.39752
-0.157759,100,343.862337
-1.678892,100,344.342425
-1.07033,100,344.814652
-1.028363,100,345.29444
-0.906193,100,345.771937
-0.409169,100,346.253237
-0.091504,100,346.718701
-0.485672,100,347.176023
-1.905494,100,347.632833
-0.708356,100,348.096255
-0.613362,100,348.551014
-1.449191,100,349.03522
-1.353703,100,349.509141
-0.239034,100,349.980284
-0.330562,100,350.44976
-0.187511,100,350.914908
-0.448295,100,351.380787
-0.547024,100,351.855092
-0.307625,100,352.3217
-0.696029,100,352.785128
-0.852926,100,353.262621
-0.292192,100,353.729895
-0.373912,100,354.190235
-0.061854,100,354.658244
-0.764383,100,355.108162
-0.768778,100,355.578784
-0.099838,100,356.067282
-0.434736,100,356.542104
-0.357806,100,357.058588
-1.003896,100,357.542152
-0.993886,100,358.023491
-0.487661,100,358.486589
-0.626283,100,358.965281
-1.987281,100,359.432542
-1.08655,100,359.898202
-0.862077,100,360.388701
-0.606217,100,360.870609
-0.294153,100,361.343811
-0.647344,100,361.817723
-0.447779,100,362.299413
-0.287878,100,362.761109
-0.067803,100,363.231438
-0.37488,100,363.727868
-0.581095,100,364.21386
-0.456385,100,364.714272
-0.276482,100,365.203959
-0.461808,100,365.683093
-0.227226,100,366.153158
-0.269298,100,366.629176
-1.091824,100,367.104349
-0.230575,100,367.575764
-0.883832,100,368.046173
-0.518724,100,368.524899
-0.17425,100,368.996814
-0.433974,100,369.474198
-0.493978,100,369.94676
-0.273177,100,370.421449
-0.243124,100,370.885179
-0.277739,100,371.356694
-0.122121,100,371.830064
-0.139333,100,372.291597
-0.090696,100,372.769453
-0.525597,100,373.230873
-0.562589,100,373.714529
-0.458924,100,374.191434
-0.073764,100,374.683408
-0.139853,100,375.197842
-0.529226,100,375.679826
-0.221249,100,376.152047
-0.359642,100,376.628868
-0.215617,100,377.158923
-0.784163,100,377.668697
-0.647679,100,378.143703
-0.067523,100,378.614166
-0.36011,100,379.083926
-0.137498,100,379.566
-0.347669,100,380.045463
-0.05655,100,380.528193
-0.221372,100,381.012324
-0.205566,100,381.767176
-0.574708,100,382.294173
-0.491752,100,382.786045
-2.99789,100,383.264506
-0.69723,100,383.737165
-1.272853,100,384.206259
-0.393879,100,384.684009
-0.315688,100,385.161523
-0.9534,100,385.640546
-1.365101,100,386.121477
-0.197757,100,386.608278
-0.064006,100,387.08653
-0.791188,100,387.574503
-0.285904,100,388.051663
-0.16172,100,388.52581
-0.294023,100,389.007529
-0.561088,100,389.490563
-0.245406,100,389.967896
-0.571798,100,390.437199
-0.058656,100,390.895772
-0.242677,100,391.37839
-0.500803,100,391.84244
-0.458744,100,392.306052
-0.121718,100,392.793889
-0.174156,100,393.289057
-0.246406,100,393.781687
-0.425909,100,394.270879
-1.133653,100,394.746072
-0.250831,100,395.237746
-0.62355,100,395.718228
-0.454009,100,396.182949
-0.488766,100,396.670679
-1.034876,100,397.144316
-0.264063,100,397.634037
-0.417316,100,398.109549
-0.178333,100,398.629268
-0.163713,100,399.12972
-0.049286,100,399.601664
-0.098967,100,400.069704
-0.367886,100,400.537809
-0.33893,100,401.013931
-0.531996,100,401.491502
-0.170787,100,401.954171
-0.667855,100,402.414671
-0.219348,100,402.873967
-0.264564,100,403.346376
-1.710765,100,403.811889
-0.111124,100,404.282706
-0.235414,100,404.767008
-0.055526,100,405.255899
-0.3299,100,405.770911
-0.40503,100,406.247195
-0.238631,100,406.703933
-0.297233,100,407.157885
-0.52655,100,407.628224
-0.441043,100,408.118812
-1.400651,100,408.625231
-0.26108,100,409.110947
-0.15374,100,409.591796
-0.360206,100,410.055007
-0.0615,100,410.513159
-0.222064,100,411.018627
-0.219499,100,411.527446
-0.195677,100,411.998693
-0.435747,100,412.473984
-0.058742,100,412.950495
-0.573712,100,413.444134
-0.336491,100,413.951201
-0.701564,100,414.437507
-0.295206,100,414.897008
-0.289696,100,415.363907
-0.217886,100,415.829564
-0.295579,100,416.301371
-0.108903,100,416.793033
-0.200057,100,417.307834
-4.30167,100,417.797897
-0.822114,100,418.276462
-0.189293,100,418.762873
-0.072003,100,419.244876
-0.509027,100,419.708501
-0.194372,100,420.170249
-0.236201,100,420.645579
-0.133778,100,421.118299
-0.231564,100,421.593674
-0.041182,100,422.053925
-0.084625,100,422.50978
-0.090642,100,422.963463
-0.254741,100,423.430451
-0.325849,100,423.89107
-0.135873,100,424.354312
-0.332604,100,424.818253
-0.48201,100,425.281772
-0.553148,100,425.756999
-0.185312,100,426.211196
-0.943747,100,426.667196
-0.719435,100,427.116372
-0.318891,100,427.595809
-0.11874,100,428.076421
-0.324108,100,428.555233
-0.151915,100,429.035105
-0.375515,100,429.789486
-0.18816,100,430.257449
-0.464992,100,430.72999
-0.168608,100,431.212488
-1.491895,100,431.692239
-0.172636,100,432.173981
-1.010301,100,432.647177
-0.277006,100,433.14117
-0.049949,100,433.649761
-0.215201,100,434.144581
-0.400885,100,434.625751
-0.262874,100,435.087103
-0.234389,100,435.550568
-0.297093,100,436.012007
-0.351547,100,436.496015
-1.654319,100,436.996015
-0.953545,100,437.48294
-0.327156,100,437.959613
-0.403074,100,438.426326
-0.337856,100,438.887462
-1.156596,100,439.350581
-0.211224,100,439.823095
-0.250494,100,440.295583
-0.328063,100,440.769248
-0.081203,100,441.246016
-0.802219,100,441.722351
-0.545573,100,442.195203
-0.201144,100,442.658553
-0.483077,100,443.118199
-0.277958,100,443.580155
-0.628632,100,444.046623
-0.697956,100,444.513209
-0.385089,100,444.979928
-0.255165,100,445.44891
-0.227339,100,445.960784
-0.286686,100,446.460648
-0.377373,100,446.949267
-0.255711,100,447.428178
-0.867185,100,447.89818
-0.340367,100,448.398375
-0.041081,100,448.896547
-0.104427,100,449.422674
-0.427164,100,449.933864
-0.245867,100,450.426925
-0.169297,100,450.913736
-0.143247,100,451.415801
-0.805028,100,451.918131
-0.142003,100,452.41432
-0.940748,100,452.926034
-0.05765,100,453.411909
-1.207249,100,453.938293
-0.161325,100,454.458912
-0.653485,100,454.942959
-0.904862,100,455.410006
-0.265585,100,455.889899
-2.496984,100,456.358967
-0.199282,100,456.8388
-0.737963,100,457.331467
-0.302358,100,457.841344
-0.695789,100,458.308454
-0.786381,100,458.775873
-0.170038,100,459.258594
-0.345839,100,459.769037
-0.475783,100,460.267276
-0.133302,100,460.749838
-0.196172,100,461.227752
-0.71074,100,461.704377
-0.909619,100,462.19008
-0.397314,100,462.694077
-0.201407,100,463.163169
-0.396044,100,463.628126
-0.306004,100,464.090029
-0.59975,100,464.555171
-0.224943,100,465.025463
-0.39863,100,465.508699
-0.774443,100,466.003561
-1.005668,100,466.478659
-0.127016,100,466.970148
-0.119125,100,467.444455
-0.298418,100,467.918696
-1.560011,100,468.386161
-0.379213,100,468.906659
-0.951859,100,469.411262
-0.092068,100,469.891452
-1.417837,100,470.362792
-0.195561,100,470.829992
-0.493662,100,471.314561
-0.362908,100,471.791147
-0.195762,100,472.277911
-0.275516,100,472.780818
-0.214019,100,473.264187
-0.284647,100,473.758474
-0.220267,100,474.230369
-0.251927,100,474.695956
-0.426682,100,475.163511
-1.162447,100,475.617075
-0.294263,100,476.072063
-1.374851,100,476.539919
-0.204532,100,477.011506
-0.567123,100,477.473777
-0.275486,100,478.197072
-0.422416,100,478.653689
-0.148894,100,479.112712
-0.464951,100,479.555541
-0.647435,100,480.005243
-0.427301,100,480.461935
-4.034493,100,480.938631
-0.430173,100,481.40911
-3.168625,100,481.879773
-0.272377,100,482.335645
-0.071795,100,482.814945
-0.208731,100,483.340112
-0.383187,100,483.820574
-0.29176,100,484.30679
-0.199452,100,484.803216
-1.300909,100,485.309241
-0.390085,100,485.812565
-0.289776,100,486.323179
-0.206692,100,486.797505
-0.27958,100,487.316184
-0.164236,100,487.800394
-0.211616,100,488.280627
-0.166121,100,488.780219
-0.269773,100,489.286279
-0.115099,100,489.881428
-0.639777,100,490.422535
-0.743771,100,490.923733
-0.305395,100,491.400473
-0.168647,100,491.871981
-0.251159,100,492.357873
-0.371788,100,492.854863
-0.622241,100,493.334632
-0.278898,100,493.841537
-0.259784,100,494.33042
-0.263311,100,494.812812
-0.121579,100,495.29582
-0.275429,100,495.781792
-0.212203,100,496.256289
-0.517326,100,496.73484
-0.473941,100,497.221694
-0.241403,100,497.730575
-0.063696,100,498.298381
-0.832014,100,498.823042
-0.302799,100,499.309635
-0.516129,100,499.791764
-0.29188,100,500.253503
-0.204317,100,500.728789
-0.488661,100,501.203278
-0.171104,100,501.692067
-0.254054,100,502.20175
-0.235638,100,502.69236
-0.77559,100,503.164747
-0.260297,100,503.639865
-0.329726,100,504.155131
-0.221695,100,504.641755
-0.108183,100,505.119555
-0.127843,100,505.599425
-0.223826,100,506.071095
-0.40584,100,506.528665
-0.207648,100,507.025719
-0.331381,100,507.525529
-0.627748,100,508.021415
-0.358521,100,508.496946
-0.244986,100,508.98227
-0.068086,100,509.465393
-0.395377,100,509.939028
-0.4227,100,510.403499
-0.162571,100,510.905124
-0.599238,100,511.411592
-1.057076,100,511.912696
-0.100588,100,512.381977
-1.41393,100,512.862006
-0.32969,100,513.331515
-0.187272,100,513.813362
-0.107978,100,514.292264
-1.492645,100,514.815967
-0.502465,100,515.324331
-1.279976,100,515.809907
-0.294801,100,516.324547
-0.243667,100,516.830797
-0.518208,100,517.315964
-0.197053,100,517.794333
-0.068396,100,518.292855
-0.772899,100,518.781449
-0.124406,100,519.280511
-0.750034,100,519.752486
-0.438604,100,520.252995
-0.423003,100,520.746376
-0.168266,100,521.231264
-0.273016,100,521.714316
-0.171796,100,522.178314
-0.387083,100,522.639799
-0.291731,100,523.103161
-1.700319,100,523.565877
-0.137049,100,524.036559
-0.063963,100,524.511261
-0.230637,100,524.980067
-2.040356,100,525.460611
-0.355131,100,525.935488
-0.602933,100,526.400864
-0.198454,100,527.133659
-0.939371,100,527.598083
-0.600359,100,528.064477
-0.201193,100,528.540351
-0.511206,100,529.049712
-0.754948,100,529.538444
-0.349404,100,530.023634
-1.595466,100,530.491079
-0.129909,100,530.957751
-0.435726,100,531.41814
-0.42303,100,531.886406
-0.39032,100,532.367886
-0.178058,100,532.847859
-0.137449,100,533.352004
-0.258576,100,533.841042
-0.20326,100,534.340029
-0.436342,100,534.821124
-0.26,100,535.297999
-0.604864,100,535.801337
-0.276512,100,536.310073
-0.17116,100,536.786706
-0.114287,100,537.256789
-1.526402,100,537.738586
-0.111513,100,538.205115
-0.32465,100,538.66973
-0.644235,100,539.139529
-0.221833,100,539.602274
-0.322472,100,540.064011
-0.04628,100,540.527116
-0.704711,100,541.006146
-0.80441,100,541.490443
-0.806119,100,541.963277
-0.227905,100,542.428036
-0.348552,100,542.8885
-0.178589,100,543.351068
-0.467702,100,543.811004
-0.509574,100,544.292846
-0.381711,100,544.778089
-0.37633,100,545.266516
-0.231766,100,545.755593
-0.100506,100,546.231905
-0.560938,100,546.710788
-1.632768,100,547.203425
-0.738379,100,547.727198
-0.693274,100,548.225683
-0.434679,100,548.733118
-0.413756,100,549.229342
-0.478103,100,549.712998
-0.63685,100,550.189823
-1.208715,100,550.652569
-0.839591,100,551.149461
-0.722028,100,551.630881
-0.636268,100,552.123493
-0.142621,100,552.592468
-0.122438,100,553.064023
-1.07978,100,553.530246
-0.260821,100,554.007842
-0.30143,100,554.479759
-0.536538,100,554.9471
-0.251864,100,555.40518
-0.149378,100,555.918281
-0.216972,100,556.406385
-0.118918,100,556.881099
-0.802583,100,557.351497
-0.16079,100,557.817405
-0.241255,100,558.2792
-0.235568,100,558.734457
-0.521462,100,559.209055
-0.463272,100,559.67848
-0.352028,100,560.151031
-0.173925,100,560.621962
-0.20563,100,561.101022
-0.284112,100,561.590466
-0.178761,100,562.066782
-0.177913,100,562.535411
-0.022134,100,563.006211
-0.311749,100,563.480871
-0.056615,100,563.953888
-0.165821,100,564.426776
-0.122452,100,564.911807
-0.330137,100,565.411742
-0.181588,100,565.902795
-0.258739,100,566.376287
-0.42082,100,566.856948
-0.569344,100,567.347522
-0.182696,100,567.829052
-0.391172,100,568.312696
-0.105041,100,568.801402
-0.055217,100,569.293625
-0.180885,100,569.781117
-0.47819,100,570.24748
-0.134217,100,570.701506
-0.715964,100,571.163682
-0.14828,100,571.617938
-0.343111,100,572.083834
-0.926454,100,572.562459
-0.383234,100,573.042069
-1.497579,100,573.513008
-0.126746,100,574.008703
-0.217697,100,574.491541
-0.839778,100,575.25744
-0.530667,100,575.729924
-0.657835,100,576.199001
-0.120941,100,576.677898
-0.392949,100,577.151072
-0.530344,100,577.630308
-0.686571,100,578.092721
-0.423615,100,578.551923
-0.531048,100,579.00572
-0.196968,100,579.466982
-0.431182,100,579.940259
-0.139142,100,580.415599
-0.094734,100,580.891566
-0.121227,100,581.364923
-0.087308,100,581.844198
-0.472471,100,582.310164
-0.186322,100,582.794018
-0.499649,100,583.277784
-0.311805,100,583.747247
-0.139384,100,584.220216
-0.223055,100,584.710357
-0.286538,100,585.222604
-0.228407,100,585.77481
-0.906142,100,586.274083
-0.063529,100,586.779057
-0.711265,100,587.273794
-0.178757,100,587.759211
-0.717223,100,588.259645
-0.375146,100,588.779334
-1.029309,100,589.288645
-0.186844,100,589.78213
-0.845211,100,590.290064
-1.006599,100,590.810629
-0.913057,100,591.299479
-0.406088,100,591.783773
-0.492707,100,592.25468
-0.19223,100,592.715957
-0.172399,100,593.17956
-0.255243,100,593.653202
-0.858195,100,594.119957
-0.247409,100,594.584028
-0.332614,100,595.043484
-0.17237,100,595.513968
-0.450379,100,595.982026
-0.164383,100,596.440383
-0.311138,100,596.898183
-0.209576,100,597.35794
-0.602126,100,597.821561
-0.153132,100,598.283696
-0.452876,100,598.740024
-0.288005,100,599.221082
-0.127438,100,599.717483
-0.15935,100,600.200844
-0.64403,100,600.700083
-0.065686,100,601.24696
-0.487391,100,601.76825
-0.4699,100,602.27173
-0.267696,100,602.768753
-0.385655,100,603.339741
-1.003188,100,604.073223
-0.257282,100,604.651746
-0.441623,100,605.151909
-0.322589,100,605.660173
-0.537572,100,606.179097
-0.344749,100,606.66913
-0.072291,100,607.179515
-0.538044,100,607.674868
-0.995643,100,608.229971
-0.524821,100,608.884077
-0.376976,100,609.45858
-0.377076,100,609.977873
-0.231288,100,610.473824
-0.406619,100,610.945257
-0.201136,100,611.421369
-0.241395,100,611.920213
-0.606955,100,612.452253
-0.189199,100,612.967281
-0.415736,100,613.480875
-0.223127,100,613.978159
-0.323501,100,614.48872
-0.301622,100,615.064285
-0.298161,100,615.611001
-0.0953,100,616.109999
-0.464412,100,616.640094
-0.418741,100,617.173593
-1.202364,100,617.688943
-0.188773,100,618.177224
-0.362701,100,618.674215
-0.321967,100,619.198215
-0.351888,100,619.719636
-0.20031,100,620.210543
-0.24927,100,620.692401
-0.495485,100,621.187273
-0.392773,100,621.728088
-0.796455,100,622.206201
-0.359855,100,622.699144
-0.516018,100,623.186336
-0.244565,100,623.68437
-0.173844,100,624.156839
-1.84181,100,624.64375
-0.119978,100,625.47447
-0.184315,100,625.978326
-0.51298,100,626.455628
-0.180475,100,626.921656
-0.443114,100,627.389242
-0.228988,100,627.853316
-0.174583,100,628.32088
-0.201539,100,628.798017
-0.77794,100,629.326268
-0.58522,100,629.821598
-0.189016,100,630.293698
-0.068312,100,630.764678
-0.438049,100,631.238756
-0.222049,100,631.705258
-0.269826,100,632.172374
-0.323609,100,632.638245
-0.404646,100,633.096138
-0.487069,100,633.569622
-1.049974,100,634.055389
-0.225809,100,634.554287
-0.470561,100,635.027698
-0.241131,100,635.496314
-0.60827,100,635.960353
-0.133137,100,636.422257
-0.582941,100,636.91144
-0.436976,100,637.377818
-0.252985,100,637.838378
-0.539395,100,638.300814
-0.589094,100,638.75694
-0.180765,100,639.211279
-0.24795,100,639.669191
-0.720113,100,640.135356
-0.093082,100,640.608185
-1.581846,100,641.111675
-0.112644,100,641.578763
-1.177776,100,642.04858
-0.508455,100,642.549901
-0.128399,100,643.024722
-0.490898,100,643.514006
-0.648776,100,644.016031
-0.500162,100,644.494736
-0.356741,100,644.981225
-0.670811,100,645.448119
-0.481336,100,645.917451
-0.201995,100,646.404541
-0.511671,100,646.872632
-0.333291,100,647.338461
-0.531758,100,647.807959
-0.135504,100,648.270629
-0.4558,100,648.740183
-0.166502,100,649.207935
-0.248442,100,649.677185
-1.117262,100,650.143216
-0.164931,100,650.603854
-0.590442,100,651.060915
-0.250813,100,651.517762
-0.171147,100,651.985174
-0.173155,100,652.481905
-0.42849,100,652.969071
-1.290887,100,653.452677
-0.517368,100,653.929493
-0.263984,100,654.400783
-0.702599,100,654.868423
-0.526143,100,655.33069
-0.339324,100,655.824769
-0.185247,100,656.304873
-0.516729,100,656.778503
-0.145173,100,657.276077
-0.50831,100,657.760381
-0.264601,100,658.233443
-0.299834,100,658.698887
-0.36723,100,659.169528
-0.024691,100,659.665409
-0.491193,100,660.145209
-0.227988,100,660.623139
-0.191222,100,661.111126
-0.218066,100,661.597585
-0.242336,100,662.070465
-0.333708,100,662.542238
-0.202795,100,663.013056
-0.218533,100,663.494808
-0.164629,100,663.961494
-0.486609,100,664.43729
-0.112939,100,664.920843
-0.430394,100,665.415799
-0.048411,100,665.902656
-0.681259,100,666.378064
-0.129026,100,666.859968
-0.248431,100,667.358026
-0.297176,100,667.858846
-0.167026,100,668.368654
-0.150071,100,668.86773
-0.224255,100,669.362251
-0.329645,100,669.879764
-0.327645,100,670.439722
-0.482936,100,671.048396
-0.287244,100,671.60072
-0.301576,100,672.136232
-0.307682,100,672.682734
-0.654164,100,673.209955
-0.246455,100,674.040684
-0.510319,100,674.567335
-0.12821,100,675.09078
-0.133099,100,675.591595
-0.248418,100,676.079468
-0.234321,100,676.566989
-0.032129,100,677.0541
-0.336957,100,677.549411
-0.313202,100,678.036654
-0.519728,100,678.512565
-0.181762,100,678.981382
-0.195067,100,679.459048
-0.261781,100,679.933582
-0.155164,100,680.412823
-0.058727,100,680.903953
-0.066124,100,681.404369
-0.712535,100,681.937632
-0.112422,100,682.533776
-0.236221,100,683.114033
-1.002765,100,683.641115
-0.237396,100,684.218247
-0.094377,100,684.748613
-0.346832,100,685.275354
-0.13773,100,685.765772
-0.07498,100,686.255372
-0.451968,100,686.712553
-0.563232,100,687.182045
-0.110638,100,687.657361
-0.46335,100,688.135005
-0.315609,100,688.613177
-0.988247,100,689.086531
-0.44214,100,689.561533
-0.204581,100,690.042803
-0.241152,100,690.515137
-0.808949,100,690.992489
-0.216949,100,691.464826
-0.69655,100,691.93557
-0.22221,100,692.405333
-0.27272,100,692.881883
-0.277593,100,693.350246
-1.242556,100,693.83064
-0.405285,100,694.311883
-0.284041,100,694.839357
-1.903163,100,695.346768
-0.072777,100,695.847378
-0.097499,100,696.322118
-0.152928,100,696.802871
-0.090117,100,697.298078
-0.176852,100,697.797257
-0.142645,100,698.323541
-0.351598,100,698.842118
-0.378375,100,699.349076
-0.032392,100,699.844789
-0.402987,100,700.352672
-0.33617,100,701.031986
-0.098665,100,701.599666
-0.242874,100,702.114026
-0.514525,100,702.681742
-0.169093,100,703.244129
-0.149968,100,703.740339
-0.710023,100,704.23312
-0.536353,100,704.774164
-0.212179,100,705.287352
-0.293455,100,705.820375
-0.162345,100,706.348665
-0.872077,100,706.889087
-0.181083,100,707.421851
-0.110423,100,707.928137
-0.202111,100,708.460365
-0.10631,100,709.048688
-0.46741,100,709.591273
-0.254867,100,710.090516
-0.131905,100,710.576452
-0.341991,100,711.125973
-0.253064,100,711.656024
-0.510679,100,712.183064
-0.615898,100,712.702024
-0.193877,100,713.199315
-0.206009,100,713.727652
-0.23779,100,714.319094
-0.251276,100,714.880155
-0.711347,100,715.399333
-2.034261,100,715.909794
-0.092725,100,716.415095
-0.252189,100,716.90766
-0.210609,100,717.38558
-0.136157,100,717.867968
-0.489097,100,718.340485
-0.159471,100,718.818109
-0.301531,100,719.295642
-0.143478,100,719.772639
-0.520407,100,720.248415
-0.749041,100,720.718598
-0.205704,100,721.202123
-0.142903,100,721.686278
-0.348747,100,722.160053
-0.162516,100,722.627023
-0.146212,100,723.096348
-0.170847,100,723.573626
-0.493882,100,724.045072
-0.264189,100,724.871591
-0.162471,100,725.404614
-0.394738,100,725.899762
-0.243587,100,726.375339
-0.582381,100,726.861773
-0.169163,100,727.367979
-0.443121,100,727.855647
-0.417256,100,728.35385
-0.18113,100,728.994967
-0.321332,100,729.551665
-0.856423,100,730.054691
-0.488026,100,730.538379
-0.180976,100,731.017635
-0.23973,100,731.502356
-0.187176,100,731.976324
-0.588525,100,732.462628
-0.075138,100,732.945669
-0.375694,100,733.431142
-0.784743,100,733.912006
-0.326301,100,734.380538
-0.086541,100,734.84993
-0.341116,100,735.327096
-0.385728,100,735.801027
-0.207543,100,736.276078
-0.407703,100,736.760718
-0.18389,100,737.238638
-0.146617,100,737.75896
-0.135623,100,738.321259
-0.315064,100,738.851201
-0.249861,100,739.361435
-0.580621,100,739.859217
-0.057313,100,740.362042
-0.286741,100,740.905873
-0.178793,100,741.53432
-0.243628,100,742.073195
-0.119041,100,742.611663
-0.057899,100,743.123327
-0.268595,100,743.635386
-0.219574,100,744.163272
-0.270377,100,744.670816
-0.175073,100,745.184471
-0.345552,100,745.762706
-0.367762,100,746.281978
-0.125355,100,746.836829
-0.073259,100,747.355146
-0.505175,100,747.833581
-0.269343,100,748.302877
-0.134923,100,748.777575
-0.460227,100,749.254383
-0.071688,100,749.784418
-0.184411,100,750.297157
-0.17045,100,750.789355
-0.493491,100,751.291147
-0.212897,100,751.804553
-0.194813,100,752.299925
-0.444284,100,752.794514
-0.373895,100,753.319866
-0.235778,100,754.021951
-0.549739,100,754.639283
-0.240623,100,755.278459
-0.090662,100,755.812364
-0.413646,100,756.31727
-0.123719,100,756.810131
-0.221618,100,757.299648
-0.141865,100,757.788664
-0.261803,100,758.26675
-0.095841,100,758.731863
-0.931859,100,759.208485
-0.111516,100,759.689527
-0.169668,100,760.169899
-0.361906,100,760.681713
-0.15458,100,761.18648
-0.135392,100,761.68966
-0.293639,100,762.172542
-0.174456,100,762.718248
-0.157582,100,763.239796
-0.228106,100,763.755284
-0.432073,100,764.328724
-0.241582,100,764.865351
-0.087078,100,765.457085
-0.617353,100,766.133069
-0.524619,100,766.703872
-0.128959,100,767.233713
-0.10911,100,767.738061
-0.227632,100,768.224841
-0.139751,100,768.70207
-0.211756,100,769.184138
-0.404127,100,769.669452
-0.097258,100,770.135154
-0.642494,100,770.615188
-0.202075,100,771.098981
-0.154451,100,771.599138
-0.29917,100,772.143062
-0.173591,100,772.681257
-0.184812,100,773.205764
-0.04475,100,773.754011
-0.573244,100,774.246672
-0.531046,100,774.771847
-0.091096,100,775.256202
-0.238108,100,775.75294
-0.268677,100,776.563002
-0.196778,100,777.097207
-0.523074,100,777.647345
-0.482065,100,778.145834
-0.293015,100,778.632033
-0.098778,100,779.120206
-0.426375,100,779.596103
-0.578414,100,780.102959
-0.07932,100,780.596982
-0.204598,100,781.082435
-0.181088,100,781.581882
-0.086642,100,782.081113
-0.19019,100,782.557237
-0.500012,100,783.039487
-0.248761,100,783.510539
-0.165884,100,783.991568
-0.544676,100,784.478125
-0.318098,100,784.989391
-0.482891,100,785.493375
-0.197896,100,786.022753
-0.479328,100,786.503471
-0.297148,100,786.973009
-0.172376,100,787.442489
-0.164625,100,787.909914
-0.124356,100,788.375108
-0.293157,100,788.847885
-0.291714,100,789.327316
-0.086992,100,789.796709
-0.071745,100,790.243943
-0.518453,100,790.697505
-0.156582,100,791.155225
-0.576451,100,791.602309
-0.190333,100,792.04535
-0.248211,100,792.502929
-0.47139,100,792.96537
-0.145297,100,793.433975
-0.515756,100,793.912144
-0.265392,100,794.382617
-0.130122,100,794.84037
-0.354588,100,795.297911
-0.463488,100,795.755608
-0.205365,100,796.224943
-0.604826,100,796.704712
-0.310812,100,797.20797
-0.141738,100,797.712737
-0.398928,100,798.216637
-0.169186,100,798.694525
-0.096741,100,799.165739
-1.023664,100,799.632421
-0.245633,100,800.095764
-0.185756,100,800.546487
-1.249736,100,800.997912
-0.239678,100,801.452655
-0.576806,100,801.912027
-0.596347,100,802.371202
-0.225807,100,802.837248
-0.415954,100,803.297846
-0.256186,100,803.755797
-0.067009,100,804.211772
-0.129033,100,804.671329
-0.209535,100,805.143929
-0.250177,100,805.608679
-0.132378,100,806.065829
-0.215531,100,806.543486
-0.140127,100,807.011664
-0.154769,100,807.516485
-0.236684,100,808.007496
-0.249912,100,808.487592
-0.208989,100,808.968622
-0.695416,100,809.461093
-0.404539,100,809.9505
-0.371482,100,810.421108
-0.356072,100,810.873333
-0.246859,100,811.335319
-0.31292,100,811.798838
-0.424265,100,812.316378
-0.088874,100,812.839748
-0.481929,100,813.340871
-0.121606,100,813.83351
-0.274386,100,814.332504
-0.189944,100,814.821604
-0.242786,100,815.305689
-0.240192,100,815.775371
-0.137629,100,816.237697
-0.211141,100,816.711524
-0.262373,100,817.246472
-0.138823,100,817.759218
-0.438037,100,818.265034
-0.348518,100,818.773313
-0.280798,100,819.292991
-0.309503,100,819.794626
-0.076976,100,820.283432
-0.144073,100,820.78471
-0.233615,100,821.297968
-0.192908,100,821.839647
-0.490261,100,822.331052
-0.223029,100,822.819311
-0.561537,100,823.328656
-0.006911,100,823.872057
-0.069493,100,824.406882
-0.122779,100,825.231401
-0.212432,100,825.74978
-0.1714,100,826.258661
-0.554118,100,826.779373
-0.751972,100,827.269469
-0.304419,100,827.789059
-0.165102,100,828.317867
-0.113644,100,828.862541
-0.69084,100,829.377095
-1.13841,100,829.861831
-0.232605,100,830.34297
-0.683662,100,830.835188
-0.221274,100,831.351531
-0.431711,100,831.855318
-0.310689,100,832.367603
-0.332916,100,832.8559
-0.087515,100,833.330985
-0.257201,100,833.799372
-0.53449,100,834.252694
-0.269659,100,834.732155
-0.084161,100,835.237069
-0.377833,100,835.789522
-0.191066,100,836.325523
-0.257409,100,836.844235
-0.496116,100,837.34164
-0.337022,100,837.819528
-0.548406,100,838.293442
-0.118607,100,838.760571
-0.309832,100,839.219041
-0.38329,100,839.70899
-0.252614,100,840.207442
-0.272638,100,840.703999
-0.423842,100,841.199638
-0.119833,100,841.715027
-0.461482,100,842.227566
-0.857384,100,842.73889
-0.25359,100,843.22658
-0.350281,100,843.70299
-0.86741,100,844.180408
-0.228101,100,844.67861
-0.234915,100,845.162083
-0.225818,100,845.650417
-0.288758,100,846.137028
-0.207257,100,846.60715
-0.209968,100,847.078623
-0.259842,100,847.545291
-0.197271,100,848.010714
-0.546793,100,848.476425
-0.136371,100,848.953634
-0.225089,100,849.429031
-0.038588,100,849.901161
-0.057574,100,850.35982
-0.34138,100,850.826229
-0.467049,100,851.311404
-0.448471,100,851.838613
-0.079712,100,852.356635
-0.297415,100,852.859258
-0.313608,100,853.346266
-0.427037,100,853.830548
-0.134219,100,854.299774
-0.300596,100,854.781096
-0.118378,100,855.299679
-0.195044,100,855.817287
-0.311059,100,856.314694
-0.224541,100,856.810015
-0.0329,100,857.308698
-0.439839,100,857.789816
-0.054363,100,858.275187
-0.135424,100,858.815485
-0.279411,100,859.350231
-0.173414,100,859.862681
-0.253957,100,860.362058
-0.179593,100,860.860419
-0.144079,100,861.357072
-0.380422,100,861.931595
-0.198166,100,862.447198
-0.150273,100,862.943683
-0.097791,100,863.466348
-0.13273,100,863.955408
-0.168848,100,864.453635
-0.054915,100,864.960653
-0.254809,100,865.499562
-0.369654,100,866.039519
-0.147279,100,866.534766
-0.621738,100,867.025159
-0.40583,100,867.575637
-0.249754,100,868.102704
-0.357476,100,868.621123
-0.389983,100,869.11649
-0.300306,100,869.616002
-0.220815,100,870.144373
-0.948661,100,870.649641
-0.21205,100,871.152588
-0.070202,100,871.658576
-0.172768,100,872.160129
-0.484191,100,872.64067
-0.713442,100,873.122384
-0.082785,100,873.609932
-0.549644,100,874.141999
-0.194031,100,874.671069
-0.14612,100,875.447909
-0.404045,100,875.937731
-0.22463,100,876.426127
-0.205558,100,876.912455
-0.019092,100,877.423219
-0.052847,100,877.9292
-0.802387,100,878.435068
-0.398856,100,878.927578
-0.103254,100,879.411214
-0.220157,100,879.916585
-0.149227,100,880.420079
-0.165155,100,880.915002
-0.225959,100,881.417263
-0.26208,100,881.896832
-0.434455,100,882.370237
-0.303009,100,882.855672
-0.047273,100,883.397252
-0.107567,100,883.885536
-0.50179,100,884.385762
-0.209695,100,884.869271
-0.139088,100,885.378561
-0.086419,100,885.904008
-0.103712,100,886.410283
-0.163375,100,886.899506
-0.46092,100,887.380072
-0.158869,100,887.850172
-0.139839,100,888.324606
-0.291213,100,888.839735
-0.683145,100,889.368198
-0.105985,100,889.876056
-0.273573,100,890.34202
-0.578621,100,890.833851
-0.762336,100,891.326134
-0.148021,100,891.817097
-0.155843,100,892.305082
-0.579377,100,892.790612
-0.466276,100,893.271795
-0.327783,100,893.760624
-0.133174,100,894.251791
-0.195239,100,894.742618
-0.47055,100,895.231629
-0.074333,100,895.721829
-0.165504,100,896.217951
-0.698093,100,896.710026
-0.541639,100,897.212555
-0.104123,100,897.704336
-0.136332,100,898.161691
-0.177796,100,898.652582
-0.163447,100,899.214047
-0.275997,100,899.837369
-0.234757,100,900.346002
-0.045142,100,900.836524
-0.819787,100,901.326808
-0.350266,100,901.870035
-0.135962,100,902.382161
-0.10841,100,902.872531
-0.299401,100,903.362915
-0.169581,100,903.836013
-0.457311,100,904.346952
-0.546652,100,904.831694
-0.204905,100,905.34221
-0.336338,100,905.830632
-0.205044,100,906.312262
-0.170471,100,906.788361
-0.059463,100,907.261938
-0.65193,100,907.718055
-0.302303,100,908.181853
-0.293337,100,908.666063
-0.125309,100,909.141608
-0.432714,100,909.623825
-0.106269,100,910.090381
-0.170614,100,910.553737
-0.082099,100,911.023911
-0.070982,100,911.472172
-0.400838,100,911.965506
-0.164624,100,912.483665
-0.396002,100,912.983394
-0.153043,100,913.483785
-0.144006,100,914.055717
-0.66526,100,914.644826
-0.050877,100,915.196581
-0.208967,100,915.747982
-0.121716,100,916.357747
-0.333725,100,916.873445
-0.160618,100,917.389807
-0.484361,100,917.904248
-0.134572,100,918.394588
-0.834334,100,918.93783
-0.16871,100,919.441512
-0.431182,100,919.934819
-1.097672,100,920.423101
-0.723617,100,920.904286
-0.4519,100,921.386017
-0.061275,100,921.864152
-0.098361,100,922.329529
-0.160274,100,922.802369
-0.177712,100,923.270903
-0.22734,100,923.753095
-0.371748,100,924.208548
-0.108305,100,924.683292
-0.24332,100,925.443827
-0.120137,100,925.922049
-0.575163,100,926.420125
-0.172546,100,926.91486
-0.301066,100,927.389822
-0.158077,100,927.868736
-0.291016,100,928.35093
-0.515026,100,928.864548
-0.170503,100,929.467584
-0.079224,100,930.014071
-0.586428,100,930.524569
-0.475467,100,931.082974
-0.230141,100,931.61936
-0.099945,100,932.166872
-0.054589,100,932.72025
-0.054861,100,933.261635
-0.247434,100,933.899986
-0.293553,100,934.542464
-0.109081,100,935.077123
-0.356498,100,935.568333
-0.14815,100,936.055248
-0.120146,100,936.53355
-0.054205,100,937.012476
-0.314541,100,937.487067
-0.259504,100,937.969697
-0.234858,100,938.451163
-0.11885,100,938.933987
-0.128892,100,939.415278
-0.374856,100,939.899279
-0.262402,100,940.379961
-0.362383,100,940.864342
-0.335988,100,941.347754
-0.082374,100,941.841589
-0.124025,100,942.315403
-0.129383,100,942.808962
-0.223689,100,943.358746
-0.196145,100,943.935516
-0.322097,100,944.465354
-0.145089,100,944.982613
-0.140749,100,945.583923
-0.055099,100,946.153832
-0.190361,100,946.675499
-0.113681,100,947.177459
-0.246036,100,947.68486
-0.444596,100,948.195243
-0.085605,100,948.739113
-0.143859,100,949.248968
-0.123037,100,949.772812
-0.165305,100,950.270334
-0.124569,100,950.775273
-0.067496,100,951.268268
-0.141927,100,951.795055
-0.332921,100,952.365928
-0.65327,100,952.897449
-0.065855,100,953.399253
-0.151819,100,953.895464
-0.280513,100,954.455785
-0.253986,100,955.036417
-0.257753,100,955.599797
-0.761395,100,956.164347
-0.286334,100,956.673004
-0.247405,100,957.182267
-0.10086,100,957.67594
-0.051284,100,958.183914
-0.192693,100,958.714628
-0.400692,100,959.256952
-0.160432,100,959.770789
-0.117218,100,960.262641
-0.162393,100,960.779316
-0.180525,100,961.284481
-0.307206,100,961.821387
-0.161102,100,962.340648
-0.50682,100,962.874728
-0.064757,100,963.402813
-0.629751,100,963.911589
-0.256584,100,964.49706
-0.137631,100,965.104056
-0.480034,100,965.698874
-0.656342,100,966.21129
-0.352191,100,966.708584
-0.072332,100,967.187876
-0.047972,100,967.668707
-0.144319,100,968.158094
-0.323644,100,968.695485
-0.120112,100,969.256182
-0.119091,100,969.798958
-0.109145,100,970.309637
-0.20021,100,970.810646
-0.316195,100,971.311435
-0.390417,100,971.899571
-0.280762,100,972.58035
-0.209953,100,973.155768
-0.276711,100,973.681029
-0.04784,100,974.162619
-0.162156,100,974.642068
-0.234705,100,975.130834
-0.105297,100,975.603308
-0.210828,100,976.075063
-0.148012,100,976.56237
-0.194133,100,977.051462
