episode,timestep,action_1,action_2,action_3,action_4,action_5,action_6,current_joint_pos_1,current_joint_pos_2,current_joint_pos_3,current_joint_pos_4,current_joint_pos_5,current_joint_pos_6,new_joint_pos_1,new_joint_pos_2,new_joint_pos_3,new_joint_pos_4,new_joint_pos_5,new_joint_pos_6,joint_vel_1,joint_vel_2,joint_vel_3,joint_vel_4,joint_vel_5,joint_vel_6,joint1_min,joint1_max,joint2_min,joint2_max,joint3_min,joint3_max,joint4_min,joint4_max,joint5_min,joint5_max,joint6_min,joint6_max,action_low1,action_low2,action_low3,action_low4,action_low5,action_low6,action_high1,action_high2,action_high3,action_high4,action_high5,action_high6,reward,return,dist,target_x,target_y,target_z,tip_y,tip_x,tip_z,done,est_vel,est_acc
0.0,0.0,0.05000000074505806,-0.02500000037252903,-0.02500000037252903,-0.02500000037252903,0.05000000074505806,-0.0005000000237487257,0.015339807607233524,-1.293145775794983,1.0109710693359375,-1.3537670373916626,-0.0715857669711113,0.0,0.06533981114625931,-1.318145751953125,0.9859710931777954,-1.3787670135498047,-0.021585766226053238,0.003,0.0,0.0,0.0,0.0,0.0,0.0,-3.1,3.1,-1.571,1.571,-1.571,1.571,-1.745,1.745,-2.617,2.617,0.003,0.03,-0.05000000074505806,-0.02500000037252903,-0.02500000037252903,-0.02500000037252903,-0.05000000074505806,-0.0005000000237487257,0.05000000074505806,0.02500000037252903,0.02500000037252903,0.02500000037252903,0.05000000074505806,0.0005000000237487257,-0.03309084102511406,-0.03309084102511406,0.18190888369179734,0.14,0.0,0.26,-0.0004693331429734826,-0.007172733545303345,0.3669149577617645,0.0,0.0,0.0
0.0,1.0,-0.05000000074505806,-0.02500000037252903,0.02500000037252903,0.02500000037252903,-0.05000000074505806,0.0005000000237487257,0.06533981114625931,-1.318145751953125,0.9859710931777954,-1.3787670135498047,-0.021585766226053238,0.0,0.015339810401201248,-1.343145728111267,1.0109710693359375,-1.3537670373916626,-0.0715857669711113,0.003,0.0,0.0,0.0,0.0,0.0,0.0,-3.1,3.1,-1.571,1.571,-1.571,1.571,-1.745,1.745,-2.617,2.617,0.003,0.03,-0.05000000074505806,-0.02500000037252903,-0.02500000037252903,-0.02500000037252903,-0.05000000074505806,-0.0005000000237487257,0.05000000074505806,0.02500000037252903,0.02500000037252903,0.02500000037252903,0.05000000074505806,0.0005000000237487257,-0.03226297348737717,-0.06535381451249123,0.17961897137525212,0.14,0.0,0.26,-9.76349474512972e-05,-0.006364308763295412,0.36411750316619873,0.0,-0.5495789559708508,-131.8989494330042
0.0,2.0,-0.012698577716946602,-0.02500000037252903,-0.02500000037252903,0.02500000037252903,0.05000000074505806,-0.0005000000237487257,0.015339810401201248,-1.343145728111267,1.0109710693359375,-1.3537670373916626,-0.0715857669711113,0.0,0.0026412326842546463,-1.3681457042694092,0.9859710931777954,-1.3287670612335205,-0.021585766226053238,0.003,0.0,0.0,0.0,0.0,0.0,0.0,-3.1,3.1,-1.571,1.571,-1.571,1.571,-1.745,1.745,-2.617,2.617,0.003,0.03,-0.05000000074505806,-0.02500000037252903,-0.02500000037252903,-0.02500000037252903,-0.05000000074505806,-0.0005000000237487257,0.05000000074505806,0.02500000037252903,0.02500000037252903,0.02500000037252903,0.05000000074505806,0.0005000000237487257,-0.035090744495391846,-0.10044455900788307,0.18732523918111435,0.14,0.0,0.26,-3.598218972911127e-05,-0.013623224571347237,0.36719444394111633,0.0,1.8495042734069345,575.7799750506684
0.0,3.0,-0.05000000074505806,0.02500000037252903,-0.02500000037252903,-0.01648913323879242,0.05000000074505806,-0.0005000000237487257,0.0026412326842546463,-1.3681457042694092,0.9859710931777954,-1.3287670612335205,-0.021585766226053238,0.0,-0.047358766198158264,-1.343145728111267,0.9609711170196533,-1.3452562093734741,0.028414234519004822,0.003,0.0,0.0,0.0,0.0,0.0,0.0,-3.1,3.1,-1.571,1.571,-1.571,1.571,-1.745,1.745,-2.617,2.617,0.003,0.03,-0.05000000074505806,-0.02500000037252903,-0.02500000037252903,-0.02500000037252903,-0.05000000074505806,-0.0005000000237487257,0.05000000074505806,0.02500000037252903,0.02500000037252903,0.02500000037252903,0.05000000074505806,0.0005000000237487257,-0.03570246323943138,-0.13614702224731445,0.18895095218678043,0.14,0.0,0.26,0.0006416635005734861,-0.013538859784603119,0.3701266050338745,0.0,0.3901711213598591,-350.2399564912981
0.0,4.0,0.05000000074505806,0.02500000037252903,0.02500000037252903,0.02500000037252903,0.05000000074505806,-0.0005000000237487257,-0.047358766198158264,-1.343145728111267,0.9609711170196533,-1.3452562093734741,0.028414234519004822,0.0,0.0026412345468997955,-1.318145751953125,0.9859710931777954,-1.320256233215332,0.07841423153877258,0.003,0.0,0.0,0.0,0.0,0.0,0.0,-3.1,3.1,-1.571,1.571,-1.571,1.571,-1.745,1.745,-2.617,2.617,0.003,0.03,-0.05000000074505806,-0.02500000037252903,-0.02500000037252903,-0.02500000037252903,-0.05000000074505806,-0.0005000000237487257,0.05000000074505806,0.02500000037252903,0.02500000037252903,0.02500000037252903,0.05000000074505806,0.0005000000237487257,-0.03133874386548996,-0.1674857661128044,0.17702752199793126,0.14,0.0,0.26,-1.401663439537515e-06,-0.0005306837265379727,0.36765626072883606,0.0,-2.861623245323801,-780.4306480040784
0.0,5.0,0.05000000074505806,-0.02500000037252903,0.02500000037252903,-0.02500000037252903,0.05000000074505806,-0.0005000000237487257,0.0026412345468997955,-1.318145751953125,0.9859710931777954,-1.320256233215332,0.07841423153877258,0.0,0.052641235291957855,-1.343145728111267,1.0109710693359375,-1.3452562093734741,0.12841422855854034,0.003,0.0,0.0,0.0,0.0,0.0,0.0,-3.1,3.1,-1.571,1.571,-1.571,1.571,-1.745,1.745,-2.617,2.617,0.003,0.03,-0.05000000074505806,-0.02500000037252903,-0.02500000037252903,-0.02500000037252903,-0.05000000074505806,-0.0005000000237487257,0.05000000074505806,0.02500000037252903,0.02500000037252903,0.02500000037252903,0.05000000074505806,0.0005000000237487257,-0.032000984996557236,-0.19948675110936165,0.17888818941575976,0.14,0.0,0.26,-0.00028395018307492137,-0.005389080382883549,0.3642253279685974,0.0,0.44656018027884103,793.9640221446341
0.0,6.0,0.05000000074505806,0.02500000037252903,0.02500000037252903,0.02500000037252903,0.05000000074505806,-0.0005000000237487257,0.052641235291957855,-1.343145728111267,1.0109710693359375,-1.3452562093734741,0.12841422855854034,0.0,0.10264123976230621,-1.318145751953125,1.0359710454940796,-1.320256233215332,0.1784142255783081,0.003,0.0,0.0,0.0,0.0,0.0,0.0,-3.1,3.1,-1.571,1.571,-1.571,1.571,-1.745,1.745,-2.617,2.617,0.003,0.03,-0.05000000074505806,-0.02500000037252903,-0.02500000037252903,-0.02500000037252903,-0.05000000074505806,-0.0005000000237487257,0.05000000074505806,0.02500000037252903,0.02500000037252903,0.02500000037252903,0.05000000074505806,0.0005000000237487257,-0.027855565771460533,-0.22734231688082218,0.1668998655750419,0.14,0.0,0.26,0.0007512004231102765,0.007292980793863535,0.361211895942688,0.0,-2.8771977217722844,-797.7018964922701
0.0,7.0,0.05000000074505806,0.02500000037252903,0.02500000037252903,-0.02500000037252903,0.05000000074505806,-0.0005000000237487257,0.10264123976230621,-1.318145751953125,1.0359710454940796,-1.320256233215332,0.1784142255783081,0.0,0.15264123678207397,-1.293145775794983,1.0609710216522217,-1.3452562093734741,0.22841422259807587,0.003,0.0,0.0,0.0,0.0,0.0,0.0,-3.1,3.1,-1.571,1.571,-1.571,1.571,-1.745,1.745,-2.617,2.617,0.003,0.03,-0.05000000074505806,-0.02500000037252903,-0.02500000037252903,-0.02500000037252903,-0.05000000074505806,-0.0005000000237487257,0.05000000074505806,0.02500000037252903,0.02500000037252903,0.02500000037252903,0.05000000074505806,0.0005000000237487257,-0.0254063718020916,-0.2527486886829138,0.15939376200378444,0.14,0.0,0.26,0.0021429911721497774,0.013930193148553371,0.35750991106033325,0.0,-1.8014648571017933,258.17588752091785
0.0,8.0,-0.05000000074505806,0.02500000037252903,0.02500000037252903,-0.02500000037252903,0.05000000074505806,-0.0005000000237487257,0.15264123678207397,-1.293145775794983,1.0609710216522217,-1.3452562093734741,0.22841422259807587,0.0,0.10264123976230621,-1.2681457996368408,1.0859709978103638,-1.3702561855316162,0.27841421961784363,0.003,0.0,0.0,0.0,0.0,0.0,0.0,-3.1,3.1,-1.571,1.571,-1.571,1.571,-1.745,1.745,-2.617,2.617,0.003,0.03,-0.05000000074505806,-0.02500000037252903,-0.02500000037252903,-0.02500000037252903,-0.05000000074505806,-0.0005000000237487257,0.05000000074505806,0.02500000037252903,0.02500000037252903,0.02500000037252903,0.05000000074505806,0.0005000000237487257,-0.023050623014569283,-0.27579931169748306,0.1518243176206421,0.14,0.0,0.26,0.0021095373667776585,0.020480304956436157,0.3536013662815094,0.0,-1.8166666519541597,-3.6484307645679337
0.0,9.0,-0.05000000074505806,-0.02500000037252903,0.02500000037252903,0.02500000037252903,-0.05000000074505806,0.0005000000237487257,0.10264123976230621,-1.2681457996368408,1.0859709978103638,-1.3702561855316162,0.27841421961784363,0.0,0.052641239017248154,-1.293145775794983,1.1109709739685059,-1.3452562093734741,0.22841422259807587,0.003,0.0,0.0,0.0,0.0,0.0,0.0,-3.1,3.1,-1.571,1.571,-1.571,1.571,-1.745,1.745,-2.617,2.617,0.003,0.03,-0.05000000074505806,-0.02500000037252903,-0.02500000037252903,-0.02500000037252903,-0.05000000074505806,-0.0005000000237487257,0.05000000074505806,0.02500000037252903,0.02500000037252903,0.02500000037252903,0.05000000074505806,0.0005000000237487257,-0.02228540927171707,-0.29808472096920013,0.1492829862539456,0.14,0.0,0.26,0.0011195880360901356,0.021248620003461838,0.3504558801651001,0.0,-0.6099195280071634,289.6193097472791
0.0,10.0,-0.05000000074505806,-0.02500000037252903,0.02500000037252903,0.02500000037252903,0.05000000074505806,-0.0005000000237487257,0.052641239017248154,-1.293145775794983,1.1109709739685059,-1.3452562093734741,0.22841422259807587,0.0,0.002641238272190094,-1.318145751953125,1.135970950126648,-1.320256233215332,0.27841421961784363,0.003,0.0,0.0,0.0,0.0,0.0,0.0,-3.1,3.1,-1.571,1.571,-1.571,1.571,-1.745,1.745,-2.617,2.617,0.003,0.03,-0.05000000074505806,-0.02500000037252903,-0.02500000037252903,-0.02500000037252903,-0.05000000074505806,-0.0005000000237487257,0.05000000074505806,0.02500000037252903,0.02500000037252903,0.02500000037252903,0.05000000074505806,0.0005000000237487257,-0.02151555009186268,-0.3196002710610628,0.14668179723803415,0.14,0.0,0.26,5.8216846809955314e-05,0.02204144559800625,0.34718558192253113,0.0,-0.6242853638187462,-3.4478005947798707
0.0,11.0,-0.05000000074505806,-0.02500000037252903,-0.02500000037252903,-0.02500000037252903,0.05000000074505806,-0.0005000000237487257,0.002641238272190094,-1.318145751953125,1.135970950126648,-1.320256233215332,0.27841421961784363,0.0,-0.047358762472867966,-1.343145728111267,1.1109709739685059,-1.3452562093734741,0.3284142315387726,0.003,0.0,0.0,0.0,0.0,0.0,0.0,-3.1,3.1,-1.571,1.571,-1.571,1.571,-1.745,1.745,-2.617,2.617,0.003,0.03,-0.05000000074505806,-0.02500000037252903,-0.02500000037252903,-0.02500000037252903,-0.05000000074505806,-0.0005000000237487257,0.05000000074505806,0.02500000037252903,0.02500000037252903,0.02500000037252903,0.05000000074505806,0.0005000000237487257,-0.02523173950612545,-0.34483201056718826,0.15884501788114752,0.14,0.0,0.26,-0.00047262548469007015,0.0099722221493721,0.35123756527900696,0.0,2.919172954347209,850.4299963598293
0.0,12.0,0.05000000074505806,-0.02500000037252903,-0.02500000037252903,0.02500000037252903,-0.05000000074505806,-0.0005000000237487257,-0.047358762472867966,-1.343145728111267,1.1109709739685059,-1.3452562093734741,0.3284142315387726,0.0,0.002641238272190094,-1.3681457042694092,1.0859709978103638,-1.320256233215332,0.27841421961784363,0.003,0.0,0.0,0.0,0.0,0.0,0.0,-3.1,3.1,-1.571,1.571,-1.571,1.571,-1.745,1.745,-2.617,2.617,0.003,0.03,-0.05000000074505806,-0.02500000037252903,-0.02500000037252903,-0.02500000037252903,-0.05000000074505806,-0.0005000000237487257,0.05000000074505806,0.02500000037252903,0.02500000037252903,0.02500000037252903,0.05000000074505806,0.0005000000237487257,-0.027659693732857704,-0.37249170430004597,0.1663120348352156,0.14,0.0,0.26,8.924715984903742e-06,0.003378981491550803,0.3548387587070465,0.0,1.7920840689763362,-270.5013324890094
0.0,13.0,-0.05000000074505806,0.02500000037252903,0.02500000037252903,0.02500000037252903,-0.05000000074505806,0.0005000000237487257,0.002641238272190094,-1.3681457042694092,1.0859709978103638,-1.320256233215332,0.27841421961784363,0.0,-0.047358762472867966,-1.343145728111267,1.1109709739685059,-1.29525625705719,0.22841422259807587,0.003,0.0,0.0,0.0,0.0,0.0,0.0,-3.1,3.1,-1.571,1.571,-1.571,1.571,-1.745,1.745,-2.617,2.617,0.003,0.03,-0.05000000074505806,-0.02500000037252903,-0.02500000037252903,-0.02500000037252903,-0.05000000074505806,-0.0005000000237487257,0.05000000074505806,0.02500000037252903,0.02500000037252903,0.02500000037252903,0.05000000074505806,0.0005000000237487257,-0.023758841678500175,-0.39625054597854614,0.15413903656411862,0.14,0.0,0.26,-0.0007435788866132498,0.015689237043261528,0.35113245248794556,0.0,-2.9215195850632725,-1131.264876969506
0.0,14.0,-0.05000000074505806,0.02500000037252903,0.02500000037252903,0.02500000037252903,0.05000000074505806,0.0005000000237487257,-0.047358762472867966,-1.343145728111267,1.1109709739685059,-1.29525625705719,0.22841422259807587,0.0,-0.09735876321792603,-1.318145751953125,1.135970950126648,-1.2702562808990479,0.27841421961784363,0.003,0.0,0.0,0.0,0.0,0.0,0.0,-3.1,3.1,-1.571,1.571,-1.571,1.571,-1.745,1.745,-2.617,2.617,0.003,0.03,-0.05000000074505806,-0.02500000037252903,-0.02500000037252903,-0.02500000037252903,-0.05000000074505806,-0.0005000000237487257,0.05000000074505806,0.02500000037252903,0.02500000037252903,0.02500000037252903,0.05000000074505806,0.0005000000237487257,-0.02014741860330105,-0.4163979645818472,0.1419416005934018,0.14,0.0,0.26,-0.00269656372256577,0.02760961838066578,0.3466518819332123,0.0,-2.9273846329720365,-1.4076114981033783
0.0,15.0,0.05000000074505806,-0.02500000037252903,0.02500000037252903,0.02500000037252903,-0.05000000074505806,0.0005000000237487257,-0.09735876321792603,-1.318145751953125,1.135970950126648,-1.2702562808990479,0.27841421961784363,0.0,-0.047358762472867966,-1.343145728111267,1.16097092628479,-1.2452563047409058,0.22841422259807587,0.003,0.0,0.0,0.0,0.0,0.0,0.0,-3.1,3.1,-1.571,1.571,-1.571,1.571,-1.745,1.745,-2.617,2.617,0.003,0.03,-0.05000000074505806,-0.02500000037252903,-0.02500000037252903,-0.02500000037252903,-0.05000000074505806,-0.0005000000237487257,0.05000000074505806,0.02500000037252903,0.02500000037252903,0.02500000037252903,0.05000000074505806,0.0005000000237487257,-0.019335564225912094,-0.4357335288077593,0.1390523806241064,0.14,0.0,0.26,-0.0013521939981728792,0.02853078953921795,0.34311649203300476,0.0,-0.6934127926308942,536.1532416818742
0.0,16.0,-0.05000000074505806,0.02500000037252903,0.02500000037252903,-0.02500000037252903,0.05000000074505806,0.0005000000237487257,-0.047358762472867966,-1.343145728111267,1.16097092628479,-1.2452563047409058,0.22841422259807587,0.0,-0.09735876321792603,-1.318145751953125,1.1859709024429321,-1.2702562808990479,0.27841421961784363,0.003,0.0,0.0,0.0,0.0,0.0,0.0,-3.1,3.1,-1.571,1.571,-1.571,1.571,-1.745,1.745,-2.617,2.617,0.003,0.03,-0.05000000074505806,-0.02500000037252903,-0.02500000037252903,-0.02500000037252903,-0.05000000074505806,-0.0005000000237487257,0.05000000074505806,0.02500000037252903,0.02500000037252903,0.02500000037252903,0.05000000074505806,0.0005000000237487257,-0.017384910956025124,-0.4531184397637844,0.13185185402185223,0.14,0.0,0.26,-0.003355335909873247,0.034354664385318756,0.33882078528404236,0.0,-1.7281263845410022,-248.33126205842592
0.0,17.0,-0.05000000074505806,0.02500000037252903,-0.02500000037252903,-0.02500000037252903,-0.05000000074505806,0.0005000000237487257,-0.09735876321792603,-1.318145751953125,1.1859709024429321,-1.2702562808990479,0.27841421961784363,0.0,-0.1473587602376938,-1.293145775794983,1.16097092628479,-1.29525625705719,0.22841422259807587,0.003,0.0,0.0,0.0,0.0,0.0,0.0,-3.1,3.1,-1.571,1.571,-1.571,1.571,-1.745,1.745,-2.617,2.617,0.003,0.03,-0.05000000074505806,-0.02500000037252903,-0.02500000037252903,-0.02500000037252903,-0.05000000074505806,-0.0005000000237487257,0.05000000074505806,0.02500000037252903,0.02500000037252903,0.02500000037252903,0.05000000074505806,0.0005000000237487257,-0.01816990226507187,-0.4712883420288563,0.13479578026768096,0.14,0.0,0.26,-0.004960508085787296,0.03341878578066826,0.34237560629844666,0.0,0.7065422989988956,584.3204840495755
0.0,18.0,0.05000000074505806,0.02500000037252903,0.02500000037252903,0.02500000037252903,-0.05000000074505806,0.0005000000237487257,-0.1473587602376938,-1.293145775794983,1.16097092628479,-1.29525625705719,0.22841422259807587,0.0,-0.09735876321792603,-1.2681457996368408,1.1859709024429321,-1.2702562808990479,0.1784142255783081,0.003,0.0,0.0,0.0,0.0,0.0,0.0,-3.1,3.1,-1.571,1.571,-1.571,1.571,-1.745,1.745,-2.617,2.617,0.003,0.03,-0.05000000074505806,-0.02500000037252903,-0.02500000037252903,-0.02500000037252903,-0.05000000074505806,-0.0005000000237487257,0.05000000074505806,0.02500000037252903,0.02500000037252903,0.02500000037252903,0.05000000074505806,0.0005000000237487257,-0.01495681144297123,-0.4862451534718275,0.12229804404854366,0.14,0.0,0.26,-0.004389931447803974,0.04494769871234894,0.3368283808231354,0.0,-2.9994566925929522,-889.4397579820435
0.0,19.0,0.05000000074505806,0.02500000037252903,-0.02500000037252903,0.02500000037252903,0.05000000074505806,0.0005000000237487257,-0.09735876321792603,-1.2681457996368408,1.1859709024429321,-1.2702562808990479,0.1784142255783081,0.0,-0.047358762472867966,-1.2431458234786987,1.16097092628479,-1.2452563047409058,0.22841422259807587,0.003,0.0,0.0,0.0,0.0,0.0,0.0,-3.1,3.1,-1.571,1.571,-1.571,1.571,-1.745,1.745,-2.617,2.617,0.003,0.03,-0.05000000074505806,-0.02500000037252903,-0.02500000037252903,-0.02500000037252903,-0.05000000074505806,-0.0005000000237487257,0.05000000074505806,0.02500000037252903,0.02500000037252903,0.02500000037252903,0.05000000074505806,0.0005000000237487257,-0.01434935163706541,-0.5005945051088929,0.11978878032549241,0.14,0.0,0.26,-0.002376304240897298,0.050139136612415314,0.3391753137111664,0.0,-0.6022232935323013,575.3360157745562
0.0,20.0,-0.05000000074505806,0.02500000037252903,-0.02500000037252903,0.02500000037252903,0.05000000074505806,-0.0005000000237487257,-0.047358762472867966,-1.2431458234786987,1.16097092628479,-1.2452563047409058,0.22841422259807587,0.0,-0.09735876321792603,-1.2181458473205566,1.135970950126648,-1.2202563285827637,0.27841421961784363,0.003,0.0,0.0,0.0,0.0,0.0,0.0,-3.1,3.1,-1.571,1.571,-1.571,1.571,-1.745,1.745,-2.617,2.617,0.003,0.03,-0.05000000074505806,-0.02500000037252903,-0.02500000037252903,-0.02500000037252903,-0.05000000074505806,-0.0005000000237487257,0.05000000074505806,0.02500000037252903,0.02500000037252903,0.02500000037252903,0.05000000074505806,0.0005000000237487257,-0.013874965719878674,-0.5144694708287716,0.11779204409493847,0.14,0.0,0.26,-0.005374112166464329,0.05502454191446304,0.34139567613601685,0.0,-0.47921669533294464,29.5215835678456
0.0,21.0,-0.05000000074505806,0.02500000037252903,-0.02500000037252903,0.02500000037252903,-0.05000000074505806,-0.0005000000237487257,-0.09735876321792603,-1.2181458473205566,1.135970950126648,-1.2202563285827637,0.27841421961784363,0.0,-0.1473587602376938,-1.1931458711624146,1.1109709739685059,-1.1952563524246216,0.22841422259807587,0.003,0.0,0.0,0.0,0.0,0.0,0.0,-3.1,3.1,-1.571,1.571,-1.571,1.571,-1.745,1.745,-2.617,2.617,0.003,0.03,-0.05000000074505806,-0.02500000037252903,-0.02500000037252903,-0.02500000037252903,-0.05000000074505806,-0.0005000000237487257,0.05000000074505806,0.02500000037252903,0.02500000037252903,0.02500000037252903,0.05000000074505806,0.0005000000237487257,-0.013484830968081951,-0.5279543017968535,0.11612420317203917,0.14,0.0,0.26,-0.008872875943779945,0.05977628007531166,0.34348806738853455,0.0,-0.4002818214958326,18.944369720906895
0.0,22.0,0.05000000074505806,0.02500000037252903,0.02500000037252903,0.02500000037252903,-0.05000000074505806,0.0005000000237487257,-0.1473587602376938,-1.1931458711624146,1.1109709739685059,-1.1952563524246216,0.22841422259807587,0.0,-0.09735876321792603,-1.1681458950042725,1.135970950126648,-1.1702563762664795,0.1784142255783081,0.003,0.0,0.0,0.0,0.0,0.0,0.0,-3.1,3.1,-1.571,1.571,-1.571,1.571,-1.745,1.745,-2.617,2.617,0.003,0.03,-0.05000000074505806,-0.02500000037252903,-0.02500000037252903,-0.02500000037252903,-0.05000000074505806,-0.0005000000237487257,0.05000000074505806,0.02500000037252903,0.02500000037252903,0.02500000037252903,0.05000000074505806,0.0005000000237487257,-0.01063983328640461,-0.5385941350832582,0.1031495687481148,0.14,0.0,0.26,-0.006942653562873602,0.07108455151319504,0.33643490076065063,0.0,-3.1139122617418478,-651.2713056590436
0.0,23.0,0.05000000074505806,-0.02500000037252903,0.02500000037252903,0.02500000037252903,-0.05000000074505806,-0.0005000000237487257,-0.09735876321792603,-1.1681458950042725,1.135970950126648,-1.1702563762664795,0.1784142255783081,0.0,-0.047358762472867966,-1.1931458711624146,1.16097092628479,-1.1452564001083374,0.12841422855854034,0.003,0.0,0.0,0.0,0.0,0.0,0.0,-3.1,3.1,-1.571,1.571,-1.571,1.571,-1.745,1.745,-2.617,2.617,0.003,0.03,-0.05000000074505806,-0.02500000037252903,-0.02500000037252903,-0.02500000037252903,-0.05000000074505806,-0.0005000000237487257,0.05000000074505806,0.02500000037252903,0.02500000037252903,0.02500000037252903,0.05000000074505806,0.0005000000237487257,-0.009962008334696293,-0.5485561434179544,0.09980986031401902,0.14,0.0,0.26,-0.003390287747606635,0.07153381407260895,0.33254581689834595,0.0,-0.8015300241829881,554.9717370141263
0.0,24.0,0.05000000074505806,-0.02500000037252903,0.02500000037252903,-0.02500000037252903,0.05000000074505806,-0.0005000000237487257,-0.047358762472867966,-1.1931458711624146,1.16097092628479,-1.1452564001083374,0.12841422855854034,0.0,0.002641238272190094,-1.2181458473205566,1.1859709024429321,-1.1702563762664795,0.1784142255783081,0.003,0.0,0.0,0.0,0.0,0.0,0.0,-3.1,3.1,-1.571,1.571,-1.571,1.571,-1.745,1.745,-2.617,2.617,0.003,0.03,-0.05000000074505806,-0.02500000037252903,-0.02500000037252903,-0.02500000037252903,-0.05000000074505806,-0.0005000000237487257,0.05000000074505806,0.02500000037252903,0.02500000037252903,0.02500000037252903,0.05000000074505806,0.0005000000237487257,-0.010395060293376446,-0.5589512037113309,0.1019561664967702,0.14,0.0,0.26,0.00017580643179826438,0.06656196713447571,0.33072400093078613,0.0,0.5151134838602822,315.9944419303849
0.0,25.0,-0.05000000074505806,0.02500000037252903,0.02500000037252903,0.02500000037252903,0.05000000074505806,-0.0005000000237487257,0.002641238272190094,-1.2181458473205566,1.1859709024429321,-1.1702563762664795,0.1784142255783081,0.0,-0.047358762472867966,-1.1931458711624146,1.2109708786010742,-1.1452564001083374,0.22841422259807587,0.003,0.0,0.0,0.0,0.0,0.0,0.0,-3.1,3.1,-1.571,1.571,-1.571,1.571,-1.745,1.745,-2.617,2.617,0.003,0.03,-0.05000000074505806,-0.02500000037252903,-0.02500000037252903,-0.02500000037252903,-0.05000000074505806,-0.0005000000237487257,0.05000000074505806,0.02500000037252903,0.02500000037252903,0.02500000037252903,0.05000000074505806,0.0005000000237487257,-0.007990372367203236,-0.5669415760785341,0.08938888263942124,0.14,0.0,0.26,-0.003640326438471675,0.07680953294038773,0.3231196105480194,0.0,-3.016148125763749,-847.5027863097674
0.0,26.0,0.05000000074505806,-0.02500000037252903,0.02500000037252903,-0.02500000037252903,0.05000000074505806,-0.0005000000237487257,-0.047358762472867966,-1.1931458711624146,1.2109708786010742,-1.1452564001083374,0.22841422259807587,0.0,0.002641238272190094,-1.2181458473205566,1.2359708547592163,-1.1702563762664795,0.27841421961784363,0.003,0.0,0.0,0.0,0.0,0.0,0.0,-3.1,3.1,-1.571,1.571,-1.571,1.571,-1.745,1.745,-2.617,2.617,0.003,0.03,-0.05000000074505806,-0.02500000037252903,-0.02500000037252903,-0.02500000037252903,-0.05000000074505806,-0.0005000000237487257,0.05000000074505806,0.02500000037252903,0.02500000037252903,0.02500000037252903,0.05000000074505806,0.0005000000237487257,-0.00841119047254324,-0.5753527665510774,0.09171254147808683,0.14,0.0,0.26,0.0001899057242553681,0.07190009206533432,0.3214292824268341,0.0,0.557678121279741,857.7182992904376
0.0,27.0,-0.05000000074505806,-0.02500000037252903,0.02500000037252903,0.02500000037252903,-0.05000000074505806,-0.0005000000237487257,0.002641238272190094,-1.2181458473205566,1.2359708547592163,-1.1702563762664795,0.27841421961784363,0.0,-0.047358762472867966,-1.2431458234786987,1.2609708309173584,-1.1452564001083374,0.22841422259807587,0.003,0.0,0.0,0.0,0.0,0.0,0.0,-3.1,3.1,-1.571,1.571,-1.571,1.571,-1.745,1.745,-2.617,2.617,0.003,0.03,-0.05000000074505806,-0.02500000037252903,-0.02500000037252903,-0.02500000037252903,-0.05000000074505806,-0.0005000000237487257,0.05000000074505806,0.02500000037252903,0.02500000037252903,0.02500000037252903,0.05000000074505806,0.0005000000237487257,-0.007904316298663616,-0.583257082849741,0.08890622421967614,0.14,0.0,0.26,-0.0034170516300946474,0.0720985159277916,0.31728899478912354,0.0,-0.6735161420185642,-295.48662319159325
0.0,28.0,-0.05000000074505806,-0.02500000037252903,-0.02500000037252903,0.02500000037252903,-0.05000000074505806,0.0005000000237487257,-0.047358762472867966,-1.2431458234786987,1.2609708309173584,-1.1452564001083374,0.22841422259807587,0.0,-0.09735876321792603,-1.2681457996368408,1.2359708547592163,-1.1202564239501953,0.1784142255783081,0.003,0.0,0.0,0.0,0.0,0.0,0.0,-3.1,3.1,-1.571,1.571,-1.571,1.571,-1.745,1.745,-2.617,2.617,0.003,0.03,-0.05000000074505806,-0.02500000037252903,-0.02500000037252903,-0.02500000037252903,-0.05000000074505806,-0.0005000000237487257,0.05000000074505806,0.02500000037252903,0.02500000037252903,0.02500000037252903,0.05000000074505806,0.0005000000237487257,-0.009294017218053341,-0.5925511000677943,0.09640548147017007,0.14,0.0,0.26,-0.006539985537528992,0.06696170568466187,0.3225831687450409,0.0,1.7998217401185423,593.6010917129055
0.0,29.0,0.05000000074505806,0.02500000037252903,0.02500000037252903,0.02500000037252903,-0.05000000074505806,-0.0005000000237487257,-0.09735876321792603,-1.2681457996368408,1.2359708547592163,-1.1202564239501953,0.1784142255783081,0.0,-0.047358762472867966,-1.2431458234786987,1.2609708309173584,-1.0952564477920532,0.12841422855854034,0.003,0.0,0.0,0.0,0.0,0.0,0.0,-3.1,3.1,-1.571,1.571,-1.571,1.571,-1.745,1.745,-2.617,2.617,0.003,0.03,-0.05000000074505806,-0.02500000037252903,-0.02500000037252903,-0.02500000037252903,-0.05000000074505806,-0.0005000000237487257,0.05000000074505806,0.02500000037252903,0.02500000037252903,0.02500000037252903,0.05000000074505806,0.0005000000237487257,-0.006949756294488907,-0.5995008563622832,0.08336519724548049,0.14,0.0,0.26,-0.0036588662769645452,0.07720071822404861,0.3147048354148865,0.0,-3.1296682139255005,-1183.0775889705703
0.0,30.0,-0.05000000074505806,0.02500000037252903,-0.02500000037252903,0.02500000037252903,0.05000000074505806,0.0005000000237487257,-0.047358762472867966,-1.2431458234786987,1.2609708309173584,-1.0952564477920532,0.12841422855854034,0.0,-0.09735876321792603,-1.2181458473205566,1.2359708547592163,-1.0702564716339111,0.1784142255783081,0.003,0.0,0.0,0.0,0.0,0.0,0.0,-3.1,3.1,-1.571,1.571,-1.571,1.571,-1.745,1.745,-2.617,2.617,0.003,0.03,-0.05000000074505806,-0.02500000037252903,-0.02500000037252903,-0.02500000037252903,-0.05000000074505806,-0.0005000000237487257,0.05000000074505806,0.02500000037252903,0.02500000037252903,0.02500000037252903,0.05000000074505806,0.0005000000237487257,-0.006625264883041382,-0.6061261212453246,0.0813957301458284,0.14,0.0,0.26,-0.007981796748936176,0.0817241445183754,0.3162626028060913,0.0,-0.4726721039164994,637.6790664021603
0.0,31.0,-0.05000000074505806,0.02500000037252903,0.02500000037252903,0.02500000037252903,-0.05000000074505806,-0.0005000000237487257,-0.09735876321792603,-1.2181458473205566,1.2359708547592163,-1.0702564716339111,0.1784142255783081,0.0,-0.1473587602376938,-1.1931458711624146,1.2609708309173584,-1.045256495475769,0.12841422855854034,0.003,0.0,0.0,0.0,0.0,0.0,0.0,-3.1,3.1,-1.571,1.571,-1.571,1.571,-1.745,1.745,-2.617,2.617,0.003,0.03,-0.05000000074505806,-0.02500000037252903,-0.02500000037252903,-0.02500000037252903,-0.05000000074505806,-0.0005000000237487257,0.05000000074505806,0.02500000037252903,0.02500000037252903,0.02500000037252903,0.05000000074505806,0.0005000000237487257,-0.004888754338026047,-0.6110148755833507,0.06991962854351602,0.14,0.0,0.26,-0.013434065505862236,0.09050487726926804,0.30752381682395935,0.0,-2.754264384554972,-547.5821473532334
0.0,32.0,-0.05000000074505806,0.02500000037252903,-0.02500000037252903,0.02500000037252903,0.02509331703186035,-0.0005000000237487257,-0.1473587602376938,-1.1931458711624146,1.2609708309173584,-1.045256495475769,0.12841422855854034,0.0,-0.19735875725746155,-1.1681458950042725,1.2359708547592163,-1.020256519317627,0.1535075455904007,0.003,0.0,0.0,0.0,0.0,0.0,0.0,-3.1,3.1,-1.571,1.571,-1.571,1.571,-1.745,1.745,-2.617,2.617,0.003,0.03,-0.05000000074505806,-0.02500000037252903,-0.02500000037252903,-0.02500000037252903,-0.05000000074505806,-0.0005000000237487257,0.05000000074505806,0.02500000037252903,0.02500000037252903,0.02500000037252903,0.05000000074505806,0.0005000000237487257,-0.004805377218872309,-0.615820252802223,0.06932082794941062,0.14,0.0,0.26,-0.018885530531406403,0.09444572031497955,0.30871880054473877,0.0,-0.14371214258529608,626.5325380727221
0.0,33.0,-0.05000000074505806,0.02500000037252903,-0.02500000037252903,-0.02500000037252903,-0.04663187265396118,0.0005000000237487257,-0.19735875725746155,-1.1681458950042725,1.2359708547592163,-1.020256519317627,0.1535075455904007,0.0,-0.2473587542772293,-1.1431459188461304,1.2109708786010742,-1.045256495475769,0.10687567293643951,0.003,0.0,0.0,0.0,0.0,0.0,0.0,-3.1,3.1,-1.571,1.571,-1.571,1.571,-1.745,1.745,-2.617,2.617,0.003,0.03,-0.05000000074505806,-0.02500000037252903,-0.02500000037252903,-0.02500000037252903,-0.05000000074505806,-0.0005000000237487257,0.05000000074505806,0.02500000037252903,0.02500000037252903,0.02500000037252903,0.05000000074505806,0.0005000000237487257,-0.005535627715289593,-0.6213558805175126,0.07440180055286921,0.14,0.0,0.26,-0.0236270260065794,0.09356113523244858,0.31311142444610596,0.0,1.219433424830062,327.15493617968593
0.0,34.0,0.05000000074505806,-0.02500000037252903,0.02500000037252903,-0.02500000037252903,0.05000000074505806,0.0005000000237487257,-0.2473587542772293,-1.1431459188461304,1.2109708786010742,-1.045256495475769,0.10687567293643951,0.0,-0.19735875725746155,-1.1681458950042725,1.2359708547592163,-1.0702564716339111,0.15687566995620728,0.003,0.0,0.0,0.0,0.0,0.0,0.0,-3.1,3.1,-1.571,1.571,-1.571,1.571,-1.745,1.745,-2.617,2.617,0.003,0.03,-0.05000000074505806,-0.02500000037252903,-0.02500000037252903,-0.02500000037252903,-0.05000000074505806,-0.0005000000237487257,0.05000000074505806,0.02500000037252903,0.02500000037252903,0.02500000037252903,0.05000000074505806,0.0005000000237487257,-0.005538875702768564,-0.6268947562202811,0.07442362204655394,0.14,0.0,0.26,-0.017954954877495766,0.08979196101427078,0.311919629573822,0.0,0.005237158484333593,-291.40710392297484
0.0,35.0,0.05000000074505806,0.02500000037252903,0.02500000037252903,0.02500000037252903,-0.05000000074505806,0.0005000000237487257,-0.19735875725746155,-1.1681458950042725,1.2359708547592163,-1.0702564716339111,0.15687566995620728,0.0,-0.1473587602376938,-1.1431459188461304,1.2609708309173584,-1.045256495475769,0.10687567293643951,0.003,0.0,0.0,0.0,0.0,0.0,0.0,-3.1,3.1,-1.571,1.571,-1.571,1.571,-1.745,1.745,-2.617,2.617,0.003,0.03,-0.05000000074505806,-0.02500000037252903,-0.02500000037252903,-0.02500000037252903,-0.05000000074505806,-0.0005000000237487257,0.05000000074505806,0.02500000037252903,0.02500000037252903,0.02500000037252903,0.05000000074505806,0.0005000000237487257,-0.003690115176141262,-0.6305848713964224,0.0607463183037169,0.14,0.0,0.26,-0.01475667953491211,0.09941527992486954,0.3027227818965912,0.0,-3.2825528982808887,-789.0696136236533
0.0,36.0,0.05000000074505806,-0.02500000037252903,0.02500000037252903,0.02500000037252903,-0.05000000074505806,0.0005000000237487257,-0.1473587602376938,-1.1431459188461304,1.2609708309173584,-1.045256495475769,0.10687567293643951,0.0,-0.09735876321792603,-1.1681458950042725,1.2859708070755005,-1.020256519317627,0.056875672191381454,0.003,0.0,0.0,0.0,0.0,0.0,0.0,-3.1,3.1,-1.571,1.571,-1.571,1.571,-1.745,1.745,-2.617,2.617,0.003,0.03,-0.05000000074505806,-0.02500000037252903,-0.02500000037252903,-0.02500000037252903,-0.05000000074505806,-0.0005000000237487257,0.05000000074505806,0.02500000037252903,0.02500000037252903,0.02500000037252903,0.05000000074505806,0.0005000000237487257,-0.0031743478029966354,-0.633759219199419,0.05634135067948871,0.14,0.0,0.26,-0.009743561036884785,0.09976252913475037,0.2982146143913269,0.0,-1.0571922298147662,534.0865604318694
0.0,37.0,-0.05000000074505806,0.02500000037252903,-0.02500000037252903,0.02500000037252903,-0.05000000074505806,-0.0005000000237487257,-0.09735876321792603,-1.1681458950042725,1.2859708070755005,-1.020256519317627,0.056875672191381454,0.0,-0.1473587602376938,-1.1431459188461304,1.2609708309173584,-0.9952565431594849,0.006875671446323395,0.003,0.0,0.0,0.0,0.0,0.0,0.0,-3.1,3.1,-1.571,1.571,-1.571,1.571,-1.745,1.745,-2.617,2.617,0.003,0.03,-0.05000000074505806,-0.02500000037252903,-0.02500000037252903,-0.02500000037252903,-0.05000000074505806,-0.0005000000237487257,0.05000000074505806,0.02500000037252903,0.02500000037252903,0.02500000037252903,0.05000000074505806,0.0005000000237487257,-0.003078521229326725,-0.6368377404287457,0.05548442246964359,0.14,0.0,0.26,-0.015416326932609081,0.1038593053817749,0.29917535185813904,0.0,-0.2056627703628272,204.36707026846537
0.0,38.0,-0.05000000074505806,0.02500000037252903,0.02500000037252903,-0.02500000037252903,0.05000000074505806,-0.0005000000237487257,-0.1473587602376938,-1.1431459188461304,1.2609708309173584,-0.9952565431594849,0.006875671446323395,0.0,-0.19735875725746155,-1.1181459426879883,1.2859708070755005,-1.020256519317627,0.056875672191381454,0.003,0.0,0.0,0.0,0.0,0.0,0.0,-3.1,3.1,-1.571,1.571,-1.571,1.571,-1.745,1.745,-2.617,2.617,0.003,0.03,-0.05000000074505806,-0.02500000037252903,-0.02500000037252903,-0.02500000037252903,-0.05000000074505806,-0.0005000000237487257,0.05000000074505806,0.02500000037252903,0.02500000037252903,0.02500000037252903,0.05000000074505806,0.0005000000237487257,-0.0026548057794570923,-0.6394925462082028,0.051524806406006374,0.14,0.0,0.26,-0.021327441558241844,0.10665762424468994,0.2929883599281311,0.0,-0.9503078552729327,-178.71482037842532
0.0,39.0,-0.05000000074505806,-0.02500000037252903,-0.02500000037252903,-0.02500000037252903,0.05000000074505806,0.0005000000237487257,-0.19735875725746155,-1.1181459426879883,1.2859708070755005,-1.020256519317627,0.056875672191381454,0.0,-0.2473587542772293,-1.1431459188461304,1.2609708309173584,-1.045256495475769,0.10687567293643951,0.003,0.0,0.0,0.0,0.0,0.0,0.0,-3.1,3.1,-1.571,1.571,-1.571,1.571,-1.745,1.745,-2.617,2.617,0.003,0.03,-0.05000000074505806,-0.02500000037252903,-0.02500000037252903,-0.02500000037252903,-0.05000000074505806,-0.0005000000237487257,0.05000000074505806,0.02500000037252903,0.02500000037252903,0.02500000037252903,0.05000000074505806,0.0005000000237487257,-0.004241678863763809,-0.6437342250719666,0.06512817276671021,0.14,0.0,0.26,-0.02460792474448681,0.09744541347026825,0.3027227818965912,0.0,3.26480792656892,1011.6277876420446
0.0,40.0,-0.05000000074505806,0.02500000037252903,0.02500000037252903,0.02500000037252903,-0.05000000074505806,-0.0005000000237487257,-0.2473587542772293,-1.1431459188461304,1.2609708309173584,-1.045256495475769,0.10687567293643951,0.0,-0.29735875129699707,-1.1181459426879883,1.2859708070755005,-1.020256519317627,0.056875672191381454,0.003,0.0,0.0,0.0,0.0,0.0,0.0,-3.1,3.1,-1.571,1.571,-1.571,1.571,-1.745,1.745,-2.617,2.617,0.003,0.03,-0.05000000074505806,-0.02500000037252903,-0.02500000037252903,-0.02500000037252903,-0.05000000074505806,-0.0005000000237487257,0.05000000074505806,0.02500000037252903,0.02500000037252903,0.02500000037252903,0.05000000074505806,0.0005000000237487257,-0.0034001758322119713,-0.6471344009041786,0.058311026174608996,0.14,0.0,0.26,-0.031868886202573776,0.10399558395147324,0.2929883599281311,0.0,-1.6361151821042907,-1176.2215460815705
0.0,41.0,0.05000000074505806,-0.02500000037252903,-0.02500000037252903,0.008912801742553711,-0.05000000074505806,-0.0005000000237487257,-0.29735875129699707,-1.1181459426879883,1.2859708070755005,-1.020256519317627,0.056875672191381454,0.0,-0.2473587542772293,-1.1431459188461304,1.2609708309173584,-1.0113437175750732,0.006875671446323395,0.003,0.0,0.0,0.0,0.0,0.0,0.0,-3.1,3.1,-1.571,1.571,-1.571,1.571,-1.745,1.745,-2.617,2.617,0.003,0.03,-0.05000000074505806,-0.02500000037252903,-0.02500000037252903,-0.02500000037252903,-0.05000000074505806,-0.0005000000237487257,0.05000000074505806,0.02500000037252903,0.02500000037252903,0.02500000037252903,0.05000000074505806,0.0005000000237487257,-0.003837157506495714,-0.6509715584106743,0.06194479328365887,0.14,0.0,0.26,-0.025358771905303,0.10041870921850204,0.3003411889076233,0.0,0.8721041061719703,601.9726291863027
0.0,42.0,0.05000000074505806,0.02500000037252903,0.02500000037252903,-0.02500000037252903,-0.05000000074505806,-0.0005000000237487257,-0.2473587542772293,-1.1431459188461304,1.2609708309173584,-1.0113437175750732,0.006875671446323395,0.0,-0.19735875725746155,-1.1181459426879883,1.2859708070755005,-1.0363436937332153,-0.043124329298734665,0.003,0.0,0.0,0.0,0.0,0.0,0.0,-3.1,3.1,-1.571,1.571,-1.571,1.571,-1.745,1.745,-2.617,2.617,0.003,0.03,-0.05000000074505806,-0.02500000037252903,-0.02500000037252903,-0.02500000037252903,-0.05000000074505806,-0.0005000000237487257,0.05000000074505806,0.02500000037252903,0.02500000037252903,0.02500000037252903,0.05000000074505806,0.0005000000237487257,-0.002817081520333886,-0.6537886399310082,0.05307618596261691,0.14,0.0,0.26,-0.0210536178201437,0.10528824478387833,0.2941894829273224,0.0,-2.1284657570500713,-720.1367671732901
0.0,43.0,-0.05000000074505806,-0.02500000037252903,0.02500000037252903,0.02500000037252903,0.05000000074505806,0.0005000000237487257,-0.19735875725746155,-1.1181459426879883,1.2859708070755005,-1.0363436937332153,-0.043124329298734665,0.0,-0.2473587542772293,-1.1431459188461304,1.3109707832336426,-1.0113437175750732,0.006875671446323395,0.003,0.0,0.0,0.0,0.0,0.0,0.0,-3.1,3.1,-1.571,1.571,-1.571,1.571,-1.745,1.745,-2.617,2.617,0.003,0.03,-0.05000000074505806,-0.02500000037252903,-0.02500000037252903,-0.02500000037252903,-0.05000000074505806,-0.0005000000237487257,0.05000000074505806,0.02500000037252903,0.02500000037252903,0.02500000037252903,0.05000000074505806,0.0005000000237487257,-0.002881967928260565,-0.6566706078592688,0.05368396358056163,0.14,0.0,0.26,-0.026181235909461975,0.10367559641599655,0.2896150052547455,0.0,0.1458666283067328,545.8397724856329
0.0,44.0,0.05000000074505806,-0.02500000037252903,-0.02500000037252903,-0.02500000037252903,-0.05000000074505806,-0.0005000000237487257,-0.2473587542772293,-1.1431459188461304,1.3109707832336426,-1.0113437175750732,0.006875671446323395,0.0,-0.19735875725746155,-1.1681458950042725,1.2859708070755005,-1.0363436937332153,-0.043124329298734665,0.003,0.0,0.0,0.0,0.0,0.0,0.0,-3.1,3.1,-1.571,1.571,-1.571,1.571,-1.745,1.745,-2.617,2.617,0.003,0.03,-0.05000000074505806,-0.02500000037252903,-0.02500000037252903,-0.02500000037252903,-0.05000000074505806,-0.0005000000237487257,0.05000000074505806,0.02500000037252903,0.02500000037252903,0.02500000037252903,0.05000000074505806,0.0005000000237487257,-0.0037837917916476727,-0.6604543996509165,0.06151253357030312,0.14,0.0,0.26,-0.01936926506459713,0.09686486423015594,0.29934442043304443,0.0,1.8788567975379578,415.917640615494
0.0,45.0,0.05000000074505806,-0.02500000037252903,0.02500000037252903,0.02500000037252903,-0.05000000074505806,0.0005000000237487257,-0.19735875725746155,-1.1681458950042725,1.2859708070755005,-1.0363436937332153,-0.043124329298734665,0.0,-0.1473587602376938,-1.1931458711624146,1.3109707832336426,-1.0113437175750732,-0.09312433004379272,0.003,0.0,0.0,0.0,0.0,0.0,0.0,-3.1,3.1,-1.571,1.571,-1.571,1.571,-1.745,1.745,-2.617,2.617,0.003,0.03,-0.05000000074505806,-0.02500000037252903,-0.02500000037252903,-0.02500000037252903,-0.05000000074505806,-0.0005000000237487257,0.05000000074505806,0.02500000037252903,0.02500000037252903,0.02500000037252903,0.05000000074505806,0.0005000000237487257,-0.003223422449082136,-0.6636778220999986,0.05677519158763624,0.14,0.0,0.26,-0.014472545124590397,0.09750107675790787,0.2947535514831543,0.0,-1.1369620758400507,-723.796529610722
0.0,46.0,-0.05000000074505806,0.02500000037252903,0.02500000037252903,0.02500000037252903,-0.05000000074505806,-0.0005000000237487257,-0.1473587602376938,-1.1931458711624146,1.3109707832336426,-1.0113437175750732,-0.09312433004379272,0.0,-0.19735875725746155,-1.1681458950042725,1.3359707593917847,-0.9863437414169312,-0.14312432706356049,0.003,0.0,0.0,0.0,0.0,0.0,0.0,-3.1,3.1,-1.571,1.571,-1.571,1.571,-1.745,1.745,-2.617,2.617,0.003,0.03,-0.05000000074505806,-0.02500000037252903,-0.02500000037252903,-0.02500000037252903,-0.05000000074505806,-0.0005000000237487257,0.05000000074505806,0.02500000037252903,0.02500000037252903,0.02500000037252903,0.05000000074505806,0.0005000000237487257,-0.0023217317648231983,-0.6659995538648218,0.04818435098984422,0.14,0.0,0.26,-0.020884228870272636,0.10444113612174988,0.28492283821105957,0.0,-2.0618017434700846,-221.96152023120814
0.0,47.0,-0.05000000074505806,-0.02500000037252903,0.02500000037252903,0.02500000037252903,0.05000000074505806,-0.0005000000237487257,-0.19735875725746155,-1.1681458950042725,1.3359707593917847,-0.9863437414169312,-0.14312432706356049,0.0,-0.2473587542772293,-1.1931458711624146,1.3609707355499268,-0.9613437652587891,-0.09312433004379272,0.003,0.0,0.0,0.0,0.0,0.0,0.0,-3.1,3.1,-1.571,1.571,-1.571,1.571,-1.745,1.745,-2.617,2.617,0.003,0.03,-0.05000000074505806,-0.02500000037252903,-0.02500000037252903,-0.02500000037252903,-0.05000000074505806,-0.0005000000237487257,0.05000000074505806,0.02500000037252903,0.02500000037252903,0.02500000037252903,0.05000000074505806,0.0005000000237487257,-0.0024576187133789062,-0.6684571725782007,0.04957437544163532,0.14,0.0,0.26,-0.025979915633797646,0.1028783842921257,0.28011587262153625,0.0,0.3336058684298643,574.8978268559878
0.0,48.0,0.05000000074505806,-0.02500000037252903,-0.02500000037252903,0.02500000037252903,-0.05000000074505806,-0.0005000000237487257,-0.2473587542772293,-1.1931458711624146,1.3609707355499268,-0.9613437652587891,-0.09312433004379272,0.0,-0.19735875725746155,-1.2181458473205566,1.3359707593917847,-0.936343789100647,-0.14312432706356049,0.003,0.0,0.0,0.0,0.0,0.0,0.0,-3.1,3.1,-1.571,1.571,-1.571,1.571,-1.745,1.745,-2.617,2.617,0.003,0.03,-0.05000000074505806,-0.02500000037252903,-0.02500000037252903,-0.02500000037252903,-0.05000000074505806,-0.0005000000237487257,0.05000000074505806,0.02500000037252903,0.02500000037252903,0.02500000037252903,0.05000000074505806,0.0005000000237487257,-0.0026409104466438293,-0.6710980830248445,0.05138979004329402,0.14,0.0,0.26,-0.02012934908270836,0.10066600888967514,0.2862403690814972,0.0,0.43569950439808713,24.502472632373482
0.0,49.0,0.05000000074505806,-0.02500000037252903,-0.02500000037252903,-0.02500000037252903,0.05000000074505806,-0.0005000000237487257,-0.19735875725746155,-1.2181458473205566,1.3359707593917847,-0.936343789100647,-0.14312432706356049,0.0,-0.1473587602376938,-1.2431458234786987,1.3109707832336426,-0.9613437652587891,-0.09312433004379272,0.003,0.0,0.0,0.0,0.0,0.0,0.0,-3.1,3.1,-1.571,1.571,-1.571,1.571,-1.745,1.745,-2.617,2.617,0.003,0.03,-0.05000000074505806,-0.02500000037252903,-0.02500000037252903,-0.02500000037252903,-0.05000000074505806,-0.0005000000237487257,0.05000000074505806,0.02500000037252903,0.02500000037252903,0.02500000037252903,0.05000000074505806,0.0005000000237487257,-0.0036515328101813793,-0.6747496158350259,0.06042791474180169,0.14,0.0,0.26,-0.013876707293093204,0.09348693490028381,0.2959931194782257,0.0,2.1691499276418407,416.02810157850087
0.0,50.0,0.05000000074505806,0.02500000037252903,-0.02500000037252903,-0.02500000037252903,0.05000000074505806,0.0005000000237487257,-0.1473587602376938,-1.2431458234786987,1.3109707832336426,-0.9613437652587891,-0.09312433004379272,0.0,-0.09735876321792603,-1.2181458473205566,1.2859708070755005,-0.9863437414169312,-0.043124329298734665,0.003,0.0,0.0,0.0,0.0,0.0,0.0,-3.1,3.1,-1.571,1.571,-1.571,1.571,-1.745,1.745,-2.617,2.617,0.003,0.03,-0.05000000074505806,-0.02500000037252903,-0.02500000037252903,-0.02500000037252903,-0.05000000074505806,-0.0005000000237487257,0.05000000074505806,0.02500000037252903,0.02500000037252903,0.02500000037252903,0.05000000074505806,0.0005000000237487257,-0.0038451747968792915,-0.6785947906319052,0.062009472918236795,0.14,0.0,0.26,-0.009193656034767628,0.09413214772939682,0.3007037043571472,0.0,0.37957396234442553,-429.4982316713796
0.0,51.0,-0.05000000074505806,0.02500000037252903,-0.02500000037252903,-0.02500000037252903,0.05000000074505806,-0.0005000000237487257,-0.09735876321792603,-1.2181458473205566,1.2859708070755005,-0.9863437414169312,-0.043124329298734665,0.0,-0.1473587602376938,-1.1931458711624146,1.2609708309173584,-1.0113437175750732,0.006875671446323395,0.003,0.0,0.0,0.0,0.0,0.0,0.0,-3.1,3.1,-1.571,1.571,-1.571,1.571,-1.745,1.745,-2.617,2.617,0.003,0.03,-0.05000000074505806,-0.02500000037252903,-0.02500000037252903,-0.02500000037252903,-0.05000000074505806,-0.0005000000237487257,0.05000000074505806,0.02500000037252903,0.02500000037252903,0.02500000037252903,0.05000000074505806,0.0005000000237487257,-0.004393309820443392,-0.6829881004523486,0.06628204914115016,0.14,0.0,0.26,-0.013901242054998875,0.09365222603082657,0.30529844760894775,0.0,1.0254182934992069,155.0026394771475
0.0,52.0,-0.05000000074505806,0.02500000037252903,-0.02500000037252903,0.02500000037252903,0.05000000074505806,-0.0005000000237487257,-0.1473587602376938,-1.1931458711624146,1.2609708309173584,-1.0113437175750732,0.006875671446323395,0.0,-0.19735875725746155,-1.1681458950042725,1.2359708547592163,-0.9863437414169312,0.056875672191381454,0.003,0.0,0.0,0.0,0.0,0.0,0.0,-3.1,3.1,-1.571,1.571,-1.571,1.571,-1.745,1.745,-2.617,2.617,0.003,0.03,-0.05000000074505806,-0.02500000037252903,-0.02500000037252903,-0.02500000037252903,-0.05000000074505806,-0.0005000000237487257,0.05000000074505806,0.02500000037252903,0.02500000037252903,0.02500000037252903,0.05000000074505806,0.0005000000237487257,-0.004339877050369978,-0.6873279775027186,0.06587774387851307,0.14,0.0,0.26,-0.019498322159051895,0.09751027077436447,0.3064146041870117,0.0,-0.09703326303290072,-269.3883735677058
0.0,53.0,0.05000000074505806,0.02500000037252903,-0.02500000037252903,-0.02500000037252903,0.05000000074505806,0.0005000000237487257,-0.19735875725746155,-1.1681458950042725,1.2359708547592163,-0.9863437414169312,0.056875672191381454,0.0,-0.1473587602376938,-1.1431459188461304,1.2109708786010742,-1.0113437175750732,0.10687567293643951,0.003,0.0,0.0,0.0,0.0,0.0,0.0,-3.1,3.1,-1.571,1.571,-1.571,1.571,-1.745,1.745,-2.617,2.617,0.003,0.03,-0.05000000074505806,-0.02500000037252903,-0.02500000037252903,-0.02500000037252903,-0.05000000074505806,-0.0005000000237487257,0.05000000074505806,0.02500000037252903,0.02500000037252903,0.02500000037252903,0.05000000074505806,0.0005000000237487257,-0.004517565947026014,-0.6918455434497446,0.06721284188190717,0.14,0.0,0.26,-0.014635639265179634,0.09859983623027802,0.31088605523109436,0.0,0.32042352081458336,100.18962812339618
0.0,54.0,0.034638360142707825,-0.02500000037252903,-0.02500000037252903,0.02500000037252903,-0.05000000074505806,0.0005000000237487257,-0.1473587602376938,-1.1431459188461304,1.2109708786010742,-1.0113437175750732,0.10687567293643951,0.0,-0.11272040009498596,-1.1681458950042725,1.1859709024429321,-0.9863437414169312,0.056875672191381454,0.003,0.0,0.0,0.0,0.0,0.0,0.0,-3.1,3.1,-1.571,1.571,-1.571,1.571,-1.745,1.745,-2.617,2.617,0.003,0.03,-0.05000000074505806,-0.02500000037252903,-0.02500000037252903,-0.02500000037252903,-0.05000000074505806,-0.0005000000237487257,0.05000000074505806,0.02500000037252903,0.02500000037252903,0.02500000037252903,0.05000000074505806,0.0005000000237487257,-0.005418169777840376,-0.697263713227585,0.07360821816053938,0.14,0.0,0.26,-0.010698147118091583,0.0945063978433609,0.31686872243881226,0.0,1.5348903068717301,291.4720286537152
0.0,55.0,-0.05000000074505806,0.02500000037252903,-0.02500000037252903,-0.02500000037252903,0.05000000074505806,-0.0005000000237487257,-0.11272040009498596,-1.1681458950042725,1.1859709024429321,-0.9863437414169312,0.056875672191381454,0.0,-0.16272039711475372,-1.1431459188461304,1.16097092628479,-1.0113437175750732,0.10687567293643951,0.003,0.0,0.0,0.0,0.0,0.0,0.0,-3.1,3.1,-1.571,1.571,-1.571,1.571,-1.745,1.745,-2.617,2.617,0.003,0.03,-0.05000000074505806,-0.02500000037252903,-0.02500000037252903,-0.02500000037252903,-0.05000000074505806,-0.0005000000237487257,0.05000000074505806,0.02500000037252903,0.02500000037252903,0.02500000037252903,0.05000000074505806,0.0005000000237487257,-0.006101703271269798,-0.7033654164988548,0.0781134008328623,0.14,0.0,0.26,-0.015433558262884617,0.09400850534439087,0.32122328877449036,0.0,1.0812438413575032,-108.87515172341446
0.0,56.0,-0.05000000074505806,0.02500000037252903,-0.02500000037252903,0.02500000037252903,-0.05000000074505806,-0.0005000000237487257,-0.16272039711475372,-1.1431459188461304,1.16097092628479,-1.0113437175750732,0.10687567293643951,0.0,-0.21272039413452148,-1.1181459426879883,1.135970950126648,-0.9863437414169312,0.056875672191381454,0.003,0.0,0.0,0.0,0.0,0.0,0.0,-3.1,3.1,-1.571,1.571,-1.571,1.571,-1.745,1.745,-2.617,2.617,0.003,0.03,-0.05000000074505806,-0.02500000037252903,-0.02500000037252903,-0.02500000037252903,-0.05000000074505806,-0.0005000000237487257,0.05000000074505806,0.02500000037252903,0.02500000037252903,0.02500000037252903,0.05000000074505806,0.0005000000237487257,-0.006097737699747086,-0.7094631541986018,0.07808801396296106,0.14,0.0,0.26,-0.02116473764181137,0.09799029678106308,0.322329580783844,0.0,-0.006092848776300119,-260.9608056321128
0.0,57.0,-0.05000000074505806,0.02500000037252903,0.02500000037252903,-0.02500000037252903,0.05000000074505806,-0.0005000000237487257,-0.21272039413452148,-1.1181459426879883,1.135970950126648,-0.9863437414169312,0.056875672191381454,0.0,-0.26272040605545044,-1.0931459665298462,1.16097092628479,-1.0113437175750732,0.10687567293643951,0.003,0.0,0.0,0.0,0.0,0.0,0.0,-3.1,3.1,-1.571,1.571,-1.571,1.571,-1.745,1.745,-2.617,2.617,0.003,0.03,-0.05000000074505806,-0.02500000037252903,-0.02500000037252903,-0.02500000037252903,-0.05000000074505806,-0.0005000000237487257,0.05000000074505806,0.02500000037252903,0.02500000037252903,0.02500000037252903,0.05000000074505806,0.0005000000237487257,-0.005396840628236532,-0.7148599948268384,0.07346319359564646,0.14,0.0,0.26,-0.027257705107331276,0.10135365277528763,0.31621670722961426,0.0,-1.1099568881555033,-264.92736945100876
0.0,58.0,0.05000000074505806,-0.02500000037252903,-0.02500000037252903,-0.02500000037252903,-0.05000000074505806,0.0005000000237487257,-0.26272040605545044,-1.0931459665298462,1.16097092628479,-1.0113437175750732,0.10687567293643951,0.0,-0.21272040903568268,-1.1181459426879883,1.135970950126648,-1.0363436937332153,0.056875672191381454,0.003,0.0,0.0,0.0,0.0,0.0,0.0,-3.1,3.1,-1.571,1.571,-1.571,1.571,-1.745,1.745,-2.617,2.617,0.003,0.03,-0.05000000074505806,-0.02500000037252903,-0.02500000037252903,-0.02500000037252903,-0.05000000074505806,-0.0005000000237487257,0.05000000074505806,0.02500000037252903,0.02500000037252903,0.02500000037252903,0.05000000074505806,0.0005000000237487257,-0.0068710194900631905,-0.7217310143169016,0.08289161193218378,0.14,0.0,0.26,-0.020152045413851738,0.09330165386199951,0.32545363903045654,0.0,2.2628204007689567,809.4665493418704
0.0,59.0,-0.05000000074505806,0.02500000037252903,-0.02500000037252903,-0.02500000037252903,-0.05000000074505806,-0.0005000000237487257,-0.21272040903568268,-1.1181459426879883,1.135970950126648,-1.0363436937332153,0.056875672191381454,0.0,-0.26272040605545044,-1.0931459665298462,1.1109709739685059,-1.0613436698913574,0.006875671446323395,0.003,0.0,0.0,0.0,0.0,0.0,0.0,-3.1,3.1,-1.571,1.571,-1.571,1.571,-1.745,1.745,-2.617,2.617,0.003,0.03,-0.05000000074505806,-0.02500000037252903,-0.02500000037252903,-0.02500000037252903,-0.05000000074505806,-0.0005000000237487257,0.05000000074505806,0.02500000037252903,0.02500000037252903,0.02500000037252903,0.05000000074505806,0.0005000000237487257,-0.007722628302872181,-0.7294536426197737,0.08787848468489333,0.14,0.0,0.26,-0.02484591118991375,0.09238576143980026,0.3295571208000183,0.0,1.1968494606502922,-255.8330256284795
0.0,60.0,-0.05000000074505806,-0.02500000037252903,0.02500000037252903,-0.02500000037252903,-0.05000000074505806,-0.0005000000237487257,-0.26272040605545044,-1.0931459665298462,1.1109709739685059,-1.0613436698913574,0.006875671446323395,0.0,-0.3127204179763794,-1.1181459426879883,1.135970950126648,-1.0863436460494995,-0.043124329298734665,0.003,0.0,0.0,0.0,0.0,0.0,0.0,-3.1,3.1,-1.571,1.571,-1.571,1.571,-1.745,1.745,-2.617,2.617,0.003,0.03,-0.05000000074505806,-0.02500000037252903,-0.02500000037252903,-0.02500000037252903,-0.05000000074505806,-0.0005000000237487257,0.05000000074505806,0.02500000037252903,0.02500000037252903,0.02500000037252903,0.05000000074505806,0.0005000000237487257,-0.008348247967660427,-0.7378018905874342,0.09136874694479775,0.14,0.0,0.26,-0.027844084426760674,0.08611669391393661,0.3283340632915497,0.0,0.8376629423770621,-86.20476438557523
0.0,61.0,-0.05000000074505806,-0.017189539968967438,0.02500000037252903,-0.02500000037252903,-0.05000000074505806,-0.0005000000237487257,-0.3127204179763794,-1.1181459426879883,1.135970950126648,-1.0863436460494995,-0.043124329298734665,0.0,-0.36272042989730835,-1.1353354454040527,1.16097092628479,-1.1113436222076416,-0.09312433004379272,0.003,0.0,0.0,0.0,0.0,0.0,0.0,-3.1,3.1,-1.571,1.571,-1.571,1.571,-1.745,1.745,-2.617,2.617,0.003,0.03,-0.05000000074505806,-0.02500000037252903,-0.02500000037252903,-0.02500000037252903,-0.05000000074505806,-0.0005000000237487257,0.05000000074505806,0.02500000037252903,0.02500000037252903,0.02500000037252903,0.05000000074505806,0.0005000000237487257,-0.00879520084708929,-0.7465970914345235,0.09378273004014989,0.14,0.0,0.26,-0.030851930379867554,0.08129370957612991,0.32630935311317444,0.0,0.579355942884513,-61.99367987821178
0.0,62.0,-0.05000000074505806,-0.02500000037252903,-0.02500000037252903,0.02500000037252903,-0.05000000074505806,0.0005000000237487257,-0.36272042989730835,-1.1353354454040527,1.16097092628479,-1.1113436222076416,-0.09312433004379272,0.0,-0.4127204418182373,-1.1603354215621948,1.135970950126648,-1.0863436460494995,-0.14312432706356049,0.003,0.0,0.0,0.0,0.0,0.0,0.0,-3.1,3.1,-1.571,1.571,-1.571,1.571,-1.745,1.745,-2.617,2.617,0.003,0.03,-0.05000000074505806,-0.02500000037252903,-0.02500000037252903,-0.02500000037252903,-0.05000000074505806,-0.0005000000237487257,0.05000000074505806,0.02500000037252903,0.02500000037252903,0.02500000037252903,0.05000000074505806,0.0005000000237487257,-0.010485543869435787,-0.7570826353039593,0.10239894505923024,0.14,0.0,0.26,-0.032830141484737396,0.07497701793909073,0.3319703936576843,0.0,2.067891604579283,357.2485588067448
0.0,63.0,-0.05000000074505806,0.02500000037252903,0.02500000037252903,-0.02500000037252903,0.05000000074505806,0.0005000000237487257,-0.4127204418182373,-1.1603354215621948,1.135970950126648,-1.0863436460494995,-0.14312432706356049,0.0,-0.46272045373916626,-1.1353354454040527,1.16097092628479,-1.1113436222076416,-0.09312433004379272,0.003,0.0,0.0,0.0,0.0,0.0,0.0,-3.1,3.1,-1.571,1.571,-1.571,1.571,-1.745,1.745,-2.617,2.617,0.003,0.03,-0.05000000074505806,-0.02500000037252903,-0.02500000037252903,-0.02500000037252903,-0.05000000074505806,-0.0005000000237487257,0.05000000074505806,0.02500000037252903,0.02500000037252903,0.02500000037252903,0.05000000074505806,0.0005000000237487257,-0.009771332144737244,-0.7668539674486965,0.09885004909215159,0.14,0.0,0.26,-0.03881362825632095,0.07780752331018448,0.32630935311317444,0.0,-0.8517350320988759,-700.7103928027582
0.0,64.0,-0.05000000074505806,0.02500000037252903,-0.02500000037252903,-0.02500000037252903,-0.05000000074505806,-0.0005000000237487257,-0.46272045373916626,-1.1353354454040527,1.16097092628479,-1.1113436222076416,-0.09312433004379272,0.0,-0.5127204656600952,-1.1103354692459106,1.135970950126648,-1.1363435983657837,-0.14312432706356049,0.003,0.0,0.0,0.0,0.0,0.0,0.0,-3.1,3.1,-1.571,1.571,-1.571,1.571,-1.745,1.745,-2.617,2.617,0.003,0.03,-0.05000000074505806,-0.02500000037252903,-0.02500000037252903,-0.02500000037252903,-0.05000000074505806,-0.0005000000237487257,0.05000000074505806,0.02500000037252903,0.02500000037252903,0.02500000037252903,0.05000000074505806,0.0005000000237487257,-0.010880151763558388,-0.7777341192122549,0.10430796460124171,0.14,0.0,0.26,-0.04269136115908623,0.07583699375391006,0.33029016852378845,0.0,1.30989972218163,518.7923410273214
0.0,65.0,-0.05000000074505806,-0.02500000037252903,-0.02500000037252903,-0.02500000037252903,-0.05000000074505806,0.0005000000237487257,-0.5127204656600952,-1.1103354692459106,1.135970950126648,-1.1363435983657837,-0.14312432706356049,0.0,-0.5627204775810242,-1.1353354454040527,1.1109709739685059,-1.1613435745239258,-0.19312432408332825,0.003,0.0,0.0,0.0,0.0,0.0,0.0,-3.1,3.1,-1.571,1.571,-1.571,1.571,-1.745,1.745,-2.617,2.617,0.003,0.03,-0.05000000074505806,-0.02500000037252903,-0.02500000037252903,-0.02500000037252903,-0.05000000074505806,-0.0005000000237487257,0.05000000074505806,0.02500000037252903,0.02500000037252903,0.02500000037252903,0.05000000074505806,0.0005000000237487257,-0.013449217192828655,-0.7911833364050835,0.11597076124747122,0.14,0.0,0.26,-0.04085289314389229,0.0647691860795021,0.33823415637016296,0.0,2.799071195095081,357.40115349922826
0.0,66.0,-0.05000000074505806,-0.02500000037252903,-0.02500000037252903,-0.02500000037252903,-0.05000000074505806,0.0005000000237487257,-0.5627204775810242,-1.1353354454040527,1.1109709739685059,-1.1613435745239258,-0.19312432408332825,0.0,-0.6127204895019531,-1.1603354215621948,1.0859709978103638,-1.1863435506820679,-0.243124321103096,0.003,0.0,0.0,0.0,0.0,0.0,0.0,-3.1,3.1,-1.571,1.571,-1.571,1.571,-1.745,1.745,-2.617,2.617,0.003,0.03,-0.05000000074505806,-0.02500000037252903,-0.02500000037252903,-0.02500000037252903,-0.05000000074505806,-0.0005000000237487257,0.05000000074505806,0.02500000037252903,0.02500000037252903,0.02500000037252903,0.05000000074505806,0.0005000000237487257,-0.016188666224479675,-0.8073720026295632,0.1272346904305299,0.14,0.0,0.26,-0.03772454336285591,0.05366405472159386,0.34550806879997253,0.0,2.7033430039340844,-22.97476587863919
0.0,67.0,-0.05000000074505806,-0.02500000037252903,0.02500000037252903,-0.02500000037252903,0.05000000074505806,-0.0005000000237487257,-0.6127204895019531,-1.1603354215621948,1.0859709978103638,-1.1863435506820679,-0.243124321103096,0.0,-0.6627205014228821,-1.185335397720337,1.1109709739685059,-1.21134352684021,-0.19312432408332825,0.003,0.0,0.0,0.0,0.0,0.0,0.0,-3.1,3.1,-1.571,1.571,-1.571,1.571,-1.745,1.745,-2.617,2.617,0.003,0.03,-0.05000000074505806,-0.02500000037252903,-0.02500000037252903,-0.02500000037252903,-0.05000000074505806,-0.0005000000237487257,0.05000000074505806,0.02500000037252903,0.02500000037252903,0.02500000037252903,0.05000000074505806,0.0005000000237487257,-0.016898030415177345,-0.8242700330447406,0.1299924236946552,0.14,0.0,0.26,-0.037144985049963,0.0475928969681263,0.3435416519641876,0.0,0.6618559833900695,-489.9568849305636
0.0,68.0,-0.05000000074505806,0.02500000037252903,0.02500000037252903,0.02500000037252903,0.05000000074505806,0.0005000000237487257,-0.6627205014228821,-1.185335397720337,1.1109709739685059,-1.21134352684021,-0.19312432408332825,0.0,-0.712720513343811,-1.1603354215621948,1.135970950126648,-1.1863435506820679,-0.14312432706356049,0.003,0.0,0.0,0.0,0.0,0.0,0.0,-3.1,3.1,-1.571,1.571,-1.571,1.571,-1.745,1.745,-2.617,2.617,0.003,0.03,-0.05000000074505806,-0.02500000037252903,-0.02500000037252903,-0.02500000037252903,-0.05000000074505806,-0.0005000000237487257,0.05000000074505806,0.02500000037252903,0.02500000037252903,0.02500000037252903,0.05000000074505806,0.0005000000237487257,-0.015432889573276043,-0.8397029226180166,0.12422918019115184,0.14,0.0,0.26,-0.04665762186050415,0.05398499593138695,0.33653348684310913,0.0,-1.3831784408408043,-490.8082618154097
0.0,69.0,0.05000000074505806,0.02500000037252903,-0.02500000037252903,-0.02500000037252903,-0.05000000074505806,-0.0005000000237487257,-0.712720513343811,-1.1603354215621948,1.135970950126648,-1.1863435506820679,-0.14312432706356049,0.0,-0.6627205014228821,-1.1353354454040527,1.1109709739685059,-1.21134352684021,-0.19312432408332825,0.003,0.0,0.0,0.0,0.0,0.0,0.0,-3.1,3.1,-1.571,1.571,-1.571,1.571,-1.745,1.745,-2.617,2.617,0.003,0.03,-0.05000000074505806,-0.02500000037252903,-0.02500000037252903,-0.02500000037252903,-0.05000000074505806,-0.0005000000237487257,0.05000000074505806,0.02500000037252903,0.02500000037252903,0.02500000037252903,0.05000000074505806,0.0005000000237487257,-0.015392187982797623,-0.8550951106008142,0.12406525844000214,0.14,0.0,0.26,-0.043818794190883636,0.0561438724398613,0.3402511775493622,0.0,-0.0393412202759269,322.52093293557056
0.0,70.0,0.05000000074505806,0.02500000037252903,0.02500000037252903,-0.02500000037252903,-0.05000000074505806,-0.0005000000237487257,-0.6627205014228821,-1.1353354454040527,1.1109709739685059,-1.21134352684021,-0.19312432408332825,0.0,-0.6127204895019531,-1.1103354692459106,1.135970950126648,-1.236343502998352,-0.243124321103096,0.003,0.0,0.0,0.0,0.0,0.0,0.0,-3.1,3.1,-1.571,1.571,-1.571,1.571,-1.745,1.745,-2.617,2.617,0.003,0.03,-0.05000000074505806,-0.02500000037252903,-0.02500000037252903,-0.02500000037252903,-0.05000000074505806,-0.0005000000237487257,0.05000000074505806,0.02500000037252903,0.02500000037252903,0.02500000037252903,0.05000000074505806,0.0005000000237487257,-0.013529464602470398,-0.8686245752032846,0.11631622644138995,0.14,0.0,0.26,-0.04401281103491783,0.06260926276445389,0.33485326170921326,0.0,-1.8597676796669271,-436.90235025384004
0.0,71.0,0.05000000074505806,-0.02500000037252903,-0.02500000037252903,-0.02500000037252903,-0.05000000074505806,0.0005000000237487257,-0.6127204895019531,-1.1103354692459106,1.135970950126648,-1.236343502998352,-0.243124321103096,0.0,-0.5627204775810242,-1.1353354454040527,1.1109709739685059,-1.2613434791564941,-0.29312431812286377,0.003,0.0,0.0,0.0,0.0,0.0,0.0,-3.1,3.1,-1.571,1.571,-1.571,1.571,-1.745,1.745,-2.617,2.617,0.003,0.03,-0.05000000074505806,-0.02500000037252903,-0.02500000037252903,-0.02500000037252903,-0.05000000074505806,-0.0005000000237487257,0.05000000074505806,0.02500000037252903,0.02500000037252903,0.02500000037252903,0.05000000074505806,0.0005000000237487257,-0.015073510818183422,-0.883698086021468,0.12277422592911481,0.14,0.0,0.26,-0.03508659452199936,0.05562715232372284,0.3419979512691498,0.0,1.549919877053968,818.3250136130148
0.0,72.0,0.05000000074505806,0.02500000037252903,0.02500000037252903,-0.02500000037252903,0.05000000074505806,0.0005000000237487257,-0.5627204775810242,-1.1353354454040527,1.1109709739685059,-1.2613434791564941,-0.29312431812286377,0.0,-0.5127204656600952,-1.1103354692459106,1.135970950126648,-1.2863434553146362,-0.243124321103096,0.003,0.0,0.0,0.0,0.0,0.0,0.0,-3.1,3.1,-1.571,1.571,-1.571,1.571,-1.745,1.745,-2.617,2.617,0.003,0.03,-0.05000000074505806,-0.02500000037252903,-0.02500000037252903,-0.02500000037252903,-0.05000000074505806,-0.0005000000237487257,0.05000000074505806,0.02500000037252903,0.02500000037252903,0.02500000037252903,0.05000000074505806,0.0005000000237487257,-0.013192913495004177,-0.8968909995164722,0.11486040834395314,0.14,0.0,0.26,-0.034890513867139816,0.06197955831885338,0.3367357552051544,0.0,-1.8993162204388014,-827.8166633982646
0.0,73.0,0.05000000074505806,-0.02500000037252903,-0.02500000037252903,-0.02500000037252903,-0.05000000074505806,0.0005000000237487257,-0.5127204656600952,-1.1103354692459106,1.135970950126648,-1.2863434553146362,-0.243124321103096,0.0,-0.46272045373916626,-1.1353354454040527,1.1109709739685059,-1.3113434314727783,-0.29312431812286377,0.003,0.0,0.0,0.0,0.0,0.0,0.0,-3.1,3.1,-1.571,1.571,-1.571,1.571,-1.745,1.745,-2.617,2.617,0.003,0.03,-0.05000000074505806,-0.02500000037252903,-0.02500000037252903,-0.02500000037252903,-0.05000000074505806,-0.0005000000237487257,0.05000000074505806,0.02500000037252903,0.02500000037252903,0.02500000037252903,0.05000000074505806,0.0005000000237487257,-0.01510312408208847,-0.9119941235985607,0.12289476846224344,0.14,0.0,0.26,-0.026888517662882805,0.05390191823244095,0.3434700667858124,0.0,1.9282464283896716,918.6150357188335
0.0,74.0,0.05000000074505806,-0.02500000037252903,0.02500000037252903,0.02500000037252903,0.05000000074505806,-0.0005000000237487257,-0.46272045373916626,-1.1353354454040527,1.1109709739685059,-1.3113434314727783,-0.29312431812286377,0.0,-0.4127204418182373,-1.1603354215621948,1.135970950126648,-1.2863434553146362,-0.243124321103096,0.003,0.0,0.0,0.0,0.0,0.0,0.0,-3.1,3.1,-1.571,1.571,-1.571,1.571,-1.745,1.745,-2.617,2.617,0.003,0.03,-0.05000000074505806,-0.02500000037252903,-0.02500000037252903,-0.02500000037252903,-0.05000000074505806,-0.0005000000237487257,0.05000000074505806,0.02500000037252903,0.02500000037252903,0.02500000037252903,0.05000000074505806,0.0005000000237487257,-0.014153024181723595,-0.9261471477802843,0.11896648229404326,0.14,0.0,0.26,-0.02424830198287964,0.055377934128046036,0.340025931596756,0.0,-0.942788680368043,-689.0484261018515
0.0,75.0,-0.05000000074505806,0.02500000037252903,-0.02500000037252903,0.02500000037252903,0.05000000074505806,0.0005000000237487257,-0.4127204418182373,-1.1603354215621948,1.135970950126648,-1.2863434553146362,-0.243124321103096,0.0,-0.46272045373916626,-1.1353354454040527,1.1109709739685059,-1.2613434791564941,-0.19312432408332825,0.003,0.0,0.0,0.0,0.0,0.0,0.0,-3.1,3.1,-1.571,1.571,-1.571,1.571,-1.745,1.745,-2.617,2.617,0.003,0.03,-0.05000000074505806,-0.02500000037252903,-0.02500000037252903,-0.02500000037252903,-0.05000000074505806,-0.0005000000237487257,0.05000000074505806,0.02500000037252903,0.02500000037252903,0.02500000037252903,0.05000000074505806,0.0005000000237487257,-0.014170534908771515,-0.9403176826890558,0.11904005685495453,0.14,0.0,0.26,-0.02935785800218582,0.05885206535458565,0.3419979512691498,0.0,0.017657894618704484,230.5071779968194
0.0,76.0,0.05000000074505806,-0.02500000037252903,-0.02500000037252903,-0.02500000037252903,0.05000000074505806,-0.0005000000237487257,-0.46272045373916626,-1.1353354454040527,1.1109709739685059,-1.2613434791564941,-0.19312432408332825,0.0,-0.4127204418182373,-1.1603354215621948,1.0859709978103638,-1.2863434553146362,-0.14312432706356049,0.003,0.0,0.0,0.0,0.0,0.0,0.0,-3.1,3.1,-1.571,1.571,-1.571,1.571,-1.745,1.745,-2.617,2.617,0.003,0.03,-0.05000000074505806,-0.02500000037252903,-0.02500000037252903,-0.02500000037252903,-0.05000000074505806,-0.0005000000237487257,0.05000000074505806,0.02500000037252903,0.02500000037252903,0.02500000037252903,0.05000000074505806,0.0005000000237487257,-0.016409816220402718,-0.9567274989094585,0.12810080720676825,0.14,0.0,0.26,-0.021874846890568733,0.04995747283101082,0.3484514057636261,0.0,2.1745800844352936,517.6613255559813
0.0,77.0,0.05000000074505806,0.02500000037252903,-0.02500000037252903,-0.02500000037252903,0.05000000074505806,-0.0005000000237487257,-0.4127204418182373,-1.1603354215621948,1.0859709978103638,-1.2863434553146362,-0.14312432706356049,0.0,-0.36272042989730835,-1.1353354454040527,1.0609710216522217,-1.3113434314727783,-0.09312433004379272,0.003,0.0,0.0,0.0,0.0,0.0,0.0,-3.1,3.1,-1.571,1.571,-1.571,1.571,-1.745,1.745,-2.617,2.617,0.003,0.03,-0.05000000074505806,-0.02500000037252903,-0.02500000037252903,-0.02500000037252903,-0.05000000074505806,-0.0005000000237487257,0.05000000074505806,0.02500000037252903,0.02500000037252903,0.02500000037252903,0.05000000074505806,0.0005000000237487257,-0.016754833981394768,-0.9734823328908533,0.12944046320941552,0.14,0.0,0.26,-0.01926218532025814,0.050755154341459274,0.3517559766769409,0.0,0.3215174406353438,-444.7350345119879
0.0,78.0,0.05000000074505806,0.02500000037252903,0.02500000037252903,0.02500000037252903,-0.05000000074505806,-0.0005000000237487257,-0.36272042989730835,-1.1353354454040527,1.0609710216522217,-1.3113434314727783,-0.09312433004379272,0.0,-0.3127204179763794,-1.1103354692459106,1.0859709978103638,-1.2863434553146362,-0.14312432706356049,0.003,0.0,0.0,0.0,0.0,0.0,0.0,-3.1,3.1,-1.571,1.571,-1.571,1.571,-1.745,1.745,-2.617,2.617,0.003,0.03,-0.05000000074505806,-0.02500000037252903,-0.02500000037252903,-0.02500000037252903,-0.05000000074505806,-0.0005000000237487257,0.05000000074505806,0.02500000037252903,0.02500000037252903,0.02500000037252903,0.05000000074505806,0.0005000000237487257,-0.013722363859415054,-0.9872046967502683,0.1171424927123656,0.14,0.0,0.26,-0.020192956551909447,0.062453147023916245,0.3454464375972748,0.0,-2.951512919291981,-785.5272863825579
0.0,79.0,-0.05000000074505806,0.02500000037252903,-0.02500000037252903,0.02500000037252903,0.05000000074505806,-0.0005000000237487257,-0.3127204179763794,-1.1103354692459106,1.0859709978103638,-1.2863434553146362,-0.14312432706356049,0.0,-0.36272042989730835,-1.0853354930877686,1.0609710216522217,-1.2613434791564941,-0.09312433004379272,0.003,0.0,0.0,0.0,0.0,0.0,0.0,-3.1,3.1,-1.571,1.571,-1.571,1.571,-1.745,1.745,-2.617,2.617,0.003,0.03,-0.05000000074505806,-0.02500000037252903,-0.02500000037252903,-0.02500000037252903,-0.05000000074505806,-0.0005000000237487257,0.05000000074505806,0.02500000037252903,0.02500000037252903,0.02500000037252903,0.05000000074505806,0.0005000000237487257,-0.01366344466805458,-1.000868141418323,0.11689073966595483,0.14,0.0,0.26,-0.025222111493349075,0.06645934283733368,0.34728723764419556,0.0,-0.06042073113858515,693.862125156815
0.0,80.0,-0.05000000074505806,-0.02500000037252903,-0.02500000037252903,-0.02500000037252903,-0.05000000074505806,-0.0005000000237487257,-0.36272042989730835,-1.0853354930877686,1.0609710216522217,-1.2613434791564941,-0.09312433004379272,0.0,-0.4127204418182373,-1.1103354692459106,1.0359710454940796,-1.2863434553146362,-0.14312432706356049,0.003,0.0,0.0,0.0,0.0,0.0,0.0,-3.1,3.1,-1.571,1.571,-1.571,1.571,-1.745,1.745,-2.617,2.617,0.003,0.03,-0.05000000074505806,-0.02500000037252903,-0.02500000037252903,-0.02500000037252903,-0.05000000074505806,-0.0005000000237487257,0.05000000074505806,0.02500000037252903,0.02500000037252903,0.02500000037252903,0.05000000074505806,0.0005000000237487257,-0.016660988330841064,-1.017529129749164,0.12907745033526588,0.14,0.0,0.26,-0.023953532800078392,0.05470474436879158,0.3538719117641449,0.0,2.9248105606346533,716.4555100255772
0.0,81.0,0.05000000074505806,0.02500000037252903,0.02500000037252903,0.02500000037252903,-0.05000000074505806,0.0005000000237487257,-0.4127204418182373,-1.1103354692459106,1.0359710454940796,-1.2863434553146362,-0.14312432706356049,0.0,-0.36272042989730835,-1.0853354930877686,1.0609710216522217,-1.2613434791564941,-0.19312432408332825,0.003,0.0,0.0,0.0,0.0,0.0,0.0,-3.1,3.1,-1.571,1.571,-1.571,1.571,-1.745,1.745,-2.617,2.617,0.003,0.03,-0.05000000074505806,-0.02500000037252903,-0.02500000037252903,-0.02500000037252903,-0.05000000074505806,-0.0005000000237487257,0.05000000074505806,0.02500000037252903,0.02500000037252903,0.02500000037252903,0.05000000074505806,0.0005000000237487257,-0.01366344466805458,-1.0311925744172186,0.11689073966595483,0.14,0.0,0.26,-0.025222111493349075,0.06645934283733368,0.34728723764419556,0.0,-2.9248105606346533,-1403.9090691046335
0.0,82.0,0.05000000074505806,0.02500000037252903,0.01694847270846367,0.02500000037252903,0.05000000074505806,0.0005000000237487257,-0.36272042989730835,-1.0853354930877686,1.0609710216522217,-1.2613434791564941,-0.19312432408332825,0.0,-0.3127204179763794,-1.0603355169296265,1.0779194831848145,-1.236343502998352,-0.14312432706356049,0.003,0.0,0.0,0.0,0.0,0.0,0.0,-3.1,3.1,-1.571,1.571,-1.571,1.571,-1.745,1.745,-2.617,2.617,0.003,0.03,-0.05000000074505806,-0.02500000037252903,-0.02500000037252903,-0.02500000037252903,-0.05000000074505806,-0.0005000000237487257,0.05000000074505806,0.02500000037252903,0.02500000037252903,0.02500000037252903,0.05000000074505806,0.0005000000237487257,-0.011204290203750134,-1.0423968646209687,0.10585031994482755,0.14,0.0,0.26,-0.024962225928902626,0.07720363140106201,0.34147265553474426,0.0,-2.6497007330705467,66.02635861538559
0.0,83.0,-0.05000000074505806,0.02500000037252903,-0.02500000037252903,0.02500000037252903,-0.05000000074505806,0.0005000000237487257,-0.3127204179763794,-1.0603355169296265,1.0779194831848145,-1.236343502998352,-0.14312432706356049,0.0,-0.36272042989730835,-1.0353355407714844,1.0529195070266724,-1.21134352684021,-0.19312432408332825,0.003,0.0,0.0,0.0,0.0,0.0,0.0,-3.1,3.1,-1.571,1.571,-1.571,1.571,-1.745,1.745,-2.617,2.617,0.003,0.03,-0.05000000074505806,-0.02500000037252903,-0.02500000037252903,-0.02500000037252903,-0.05000000074505806,-0.0005000000237487257,0.05000000074505806,0.02500000037252903,0.02500000037252903,0.02500000037252903,0.05000000074505806,0.0005000000237487257,-0.011303148232400417,-1.0537000128533691,0.10631626518351858,0.14,0.0,0.26,-0.03073851577937603,0.0809948667883873,0.3429257869720459,0.0,0.11182685728584829,662.7666216855348
0.0,84.0,-0.05000000074505806,0.02500000037252903,-0.02500000037252903,0.02500000037252903,-0.03509093448519707,-0.0005000000237487257,-0.36272042989730835,-1.0353355407714844,1.0529195070266724,-1.21134352684021,-0.19312432408332825,0.0,-0.4127204418182373,-1.0103355646133423,1.0279195308685303,-1.1863435506820679,-0.2282152622938156,0.003,0.0,0.0,0.0,0.0,0.0,0.0,-3.1,3.1,-1.571,1.571,-1.571,1.571,-1.745,1.745,-2.617,2.617,0.003,0.03,-0.05000000074505806,-0.02500000037252903,-0.02500000037252903,-0.02500000037252903,-0.05000000074505806,-0.0005000000237487257,0.05000000074505806,0.02500000037252903,0.02500000037252903,0.02500000037252903,0.05000000074505806,0.0005000000237487257,-0.01155207958072424,-1.0652520924340934,0.10748060149349553,0.14,0.0,0.26,-0.03696517273783684,0.08442054688930511,0.344241201877594,0.0,0.2794407143944677,40.22732570606866
0.0,85.0,0.05000000074505806,-0.02500000037252903,0.02500000037252903,-0.02500000037252903,-0.05000000074505806,0.0005000000237487257,-0.4127204418182373,-1.0103355646133423,1.0279195308685303,-1.1863435506820679,-0.2282152622938156,0.0,-0.36272042989730835,-1.0353355407714844,1.0529195070266724,-1.21134352684021,-0.2782152593135834,0.003,0.0,0.0,0.0,0.0,0.0,0.0,-3.1,3.1,-1.571,1.571,-1.571,1.571,-1.745,1.745,-2.617,2.617,0.003,0.03,-0.05000000074505806,-0.02500000037252903,-0.02500000037252903,-0.02500000037252903,-0.05000000074505806,-0.0005000000237487257,0.05000000074505806,0.02500000037252903,0.02500000037252903,0.02500000037252903,0.05000000074505806,0.0005000000237487257,-0.011303148232400417,-1.0765552406664938,0.10631626518351858,0.14,0.0,0.26,-0.03073851577937603,0.0809948667883873,0.3429257869720459,0.0,-0.2794407143944677,-134.1315429093445
0.0,86.0,-0.05000000074505806,-0.02500000037252903,0.02500000037252903,0.02500000037252903,-0.05000000074505806,0.0005000000237487257,-0.36272042989730835,-1.0353355407714844,1.0529195070266724,-1.21134352684021,-0.2782152593135834,0.0,-0.4127204418182373,-1.0603355169296265,1.0779194831848145,-1.1863435506820679,-0.32821527123451233,0.003,0.0,0.0,0.0,0.0,0.0,0.0,-3.1,3.1,-1.571,1.571,-1.571,1.571,-1.745,1.745,-2.617,2.617,0.003,0.03,-0.05000000074505806,-0.02500000037252903,-0.02500000037252903,-0.02500000037252903,-0.05000000074505806,-0.0005000000237487257,0.05000000074505806,0.02500000037252903,0.02500000037252903,0.02500000037252903,0.05000000074505806,0.0005000000237487257,-0.011197997257113457,-1.0877532379236072,0.10582058911812704,0.14,0.0,0.26,-0.03467981889843941,0.07920128107070923,0.3393651247024536,0.0,-0.11896225569396957,38.51483008811955
0.0,87.0,-0.05000000074505806,0.02500000037252903,0.02500000037252903,-0.02500000037252903,-0.05000000074505806,-0.0005000000237487257,-0.4127204418182373,-1.0603355169296265,1.0779194831848145,-1.1863435506820679,-0.32821527123451233,0.0,-0.46272045373916626,-1.0353355407714844,1.1029194593429565,-1.21134352684021,-0.3782152831554413,0.003,0.0,0.0,0.0,0.0,0.0,0.0,-3.1,3.1,-1.571,1.571,-1.571,1.571,-1.745,1.745,-2.617,2.617,0.003,0.03,-0.05000000074505806,-0.02500000037252903,-0.02500000037252903,-0.02500000037252903,-0.05000000074505806,-0.0005000000237487257,0.05000000074505806,0.02500000037252903,0.02500000037252903,0.02500000037252903,0.05000000074505806,0.0005000000237487257,-0.010455570183694363,-1.0982088081073016,0.10225248250700897,0.14,0.0,0.26,-0.04088754951953888,0.08196499198675156,0.3335915505886078,0.0,-0.8563455866683378,-176.9719994338484
0.0,88.0,-0.05000000074505806,0.02500000037252903,-0.02500000037252903,0.02500000037252903,0.05000000074505806,-0.0005000000237487257,-0.46272045373916626,-1.0353355407714844,1.1029194593429565,-1.21134352684021,-0.3782152831554413,0.0,-0.5127204656600952,-1.0103355646133423,1.0779194831848145,-1.1863435506820679,-0.32821527123451233,0.003,0.0,0.0,0.0,0.0,0.0,0.0,-3.1,3.1,-1.571,1.571,-1.571,1.571,-1.745,1.745,-2.617,2.617,0.003,0.03,-0.05000000074505806,-0.02500000037252903,-0.02500000037252903,-0.02500000037252903,-0.05000000074505806,-0.0005000000237487257,0.05000000074505806,0.02500000037252903,0.02500000037252903,0.02500000037252903,0.05000000074505806,0.0005000000237487257,-0.010929521173238754,-1.1091383292805403,0.10454434983448276,0.14,0.0,0.26,-0.0476161353290081,0.08458536863327026,0.3347759544849396,0.0,0.5500481585937089,337.5344988628912
0.0,89.0,-0.05000000074505806,0.02500000037252903,0.02500000037252903,-0.02500000037252903,-0.05000000074505806,0.0005000000237487257,-0.5127204656600952,-1.0103355646133423,1.0779194831848145,-1.1863435506820679,-0.32821527123451233,0.0,-0.5627204775810242,-0.9853355884552002,1.1029194593429565,-1.21134352684021,-0.3782152831554413,0.003,0.0,0.0,0.0,0.0,0.0,0.0,-3.1,3.1,-1.571,1.571,-1.571,1.571,-1.745,1.745,-2.617,2.617,0.003,0.03,-0.05000000074505806,-0.02500000037252903,-0.02500000037252903,-0.02500000037252903,-0.05000000074505806,-0.0005000000237487257,0.05000000074505806,0.02500000037252903,0.02500000037252903,0.02500000037252903,0.05000000074505806,0.0005000000237487257,-0.010577750392258167,-1.1197160796727985,0.10284818961836266,0.14,0.0,0.26,-0.05436680093407631,0.0861944705247879,0.32875293493270874,0.0,-0.4070784518688231,-229.71038651100767
0.0,90.0,0.05000000074505806,-0.02500000037252903,-0.02500000037252903,-0.02500000037252903,0.05000000074505806,0.0005000000237487257,-0.5627204775810242,-0.9853355884552002,1.1029194593429565,-1.21134352684021,-0.3782152831554413,0.0,-0.5127204656600952,-1.0103355646133423,1.0779194831848145,-1.236343502998352,-0.32821527123451233,0.003,0.0,0.0,0.0,0.0,0.0,0.0,-3.1,3.1,-1.571,1.571,-1.571,1.571,-1.745,1.745,-2.617,2.617,0.003,0.03,-0.05000000074505806,-0.02500000037252903,-0.02500000037252903,-0.02500000037252903,-0.05000000074505806,-0.0005000000237487257,0.05000000074505806,0.02500000037252903,0.02500000037252903,0.02500000037252903,0.05000000074505806,0.0005000000237487257,-0.01157666277140379,-1.1312927424442023,0.10759490099456578,0.14,0.0,0.26,-0.045060209929943085,0.08004502207040787,0.3371468782424927,0.0,1.13921073028875,371.10940371781754
0.0,91.0,-0.05000000074505806,0.02500000037252903,-0.02500000037252903,-0.02500000037252903,0.05000000074505806,0.0005000000237487257,-0.5127204656600952,-1.0103355646133423,1.0779194831848145,-1.236343502998352,-0.32821527123451233,0.0,-0.5627204775810242,-0.9853355884552002,1.0529195070266724,-1.2613434791564941,-0.2782152593135834,0.003,0.0,0.0,0.0,0.0,0.0,0.0,-3.1,3.1,-1.571,1.571,-1.571,1.571,-1.745,1.745,-2.617,2.617,0.003,0.03,-0.05000000074505806,-0.02500000037252903,-0.02500000037252903,-0.02500000037252903,-0.05000000074505806,-0.0005000000237487257,0.05000000074505806,0.02500000037252903,0.02500000037252903,0.02500000037252903,0.05000000074505806,0.0005000000237487257,-0.012758760713040829,-1.1440515031572431,0.11295468522251696,0.14,0.0,0.26,-0.0491594523191452,0.07793860882520676,0.3405635952949524,0.0,1.2863482147082828,35.31299626068787
0.0,92.0,-0.05000000074505806,-0.02500000037252903,0.02500000037252903,-0.02500000037252903,0.05000000074505806,0.0005000000237487257,-0.5627204775810242,-0.9853355884552002,1.0529195070266724,-1.2613434791564941,-0.2782152593135834,0.0,-0.6127204895019531,-1.0103355646133423,1.0779194831848145,-1.2863434553146362,-0.2282152622938156,0.003,0.0,0.0,0.0,0.0,0.0,0.0,-3.1,3.1,-1.571,1.571,-1.571,1.571,-1.745,1.745,-2.617,2.617,0.003,0.03,-0.05000000074505806,-0.02500000037252903,-0.02500000037252903,-0.02500000037252903,-0.05000000074505806,-0.0005000000237487257,0.05000000074505806,0.02500000037252903,0.02500000037252903,0.02500000037252903,0.05000000074505806,0.0005000000237487257,-0.013547537848353386,-1.1575990410055965,0.1163938900055242,0.14,0.0,0.26,-0.04976542666554451,0.07079249620437622,0.3392544090747833,0.0,0.8254091479217385,-110.62537602877063
0.0,93.0,0.05000000074505806,-0.02500000037252903,-0.02500000037252903,0.02500000037252903,0.05000000074505806,0.0005000000237487257,-0.6127204895019531,-1.0103355646133423,1.0779194831848145,-1.2863434553146362,-0.2282152622938156,0.0,-0.5627204775810242,-1.0353355407714844,1.0529195070266724,-1.2613434791564941,-0.17821526527404785,0.003,0.0,0.0,0.0,0.0,0.0,0.0,-3.1,3.1,-1.571,1.571,-1.571,1.571,-1.745,1.745,-2.617,2.617,0.003,0.03,-0.05000000074505806,-0.02500000037252903,-0.02500000037252903,-0.02500000037252903,-0.05000000074505806,-0.0005000000237487257,0.05000000074505806,0.02500000037252903,0.02500000037252903,0.02500000037252903,0.05000000074505806,0.0005000000237487257,-0.014166791923344135,-1.1717658329289407,0.11902433406722385,0.14,0.0,0.26,-0.043350376188755035,0.06872875243425369,0.34489962458610535,0.0,0.6313065748079139,-46.584617547317904
0.0,94.0,-0.05000000074505806,-0.02500000037252903,0.02500000037252903,0.02500000037252903,-0.05000000074505806,-0.0005000000237487257,-0.5627204775810242,-1.0353355407714844,1.0529195070266724,-1.2613434791564941,-0.17821526527404785,0.0,-0.6127204895019531,-1.0603355169296265,1.0779194831848145,-1.236343502998352,-0.2282152622938156,0.003,0.0,0.0,0.0,0.0,0.0,0.0,-3.1,3.1,-1.571,1.571,-1.571,1.571,-1.745,1.745,-2.617,2.617,0.003,0.03,-0.05000000074505806,-0.02500000037252903,-0.02500000037252903,-0.02500000037252903,-0.05000000074505806,-0.0005000000237487257,0.05000000074505806,0.02500000037252903,0.02500000037252903,0.02500000037252903,0.05000000074505806,0.0005000000237487257,-0.014235299080610275,-1.186001132009551,0.11931177083862853,0.14,0.0,0.26,-0.04666256159543991,0.06637860089540482,0.34147265553474426,0.0,0.06898482513712278,-134.95721992098987
0.0,95.0,0.05000000074505806,-0.02500000037252903,0.02500000037252903,0.02500000037252903,-0.05000000074505806,0.0005000000237487257,-0.6127204895019531,-1.0603355169296265,1.0779194831848145,-1.236343502998352,-0.2282152622938156,0.0,-0.5627204775810242,-1.0853354930877686,1.1029194593429565,-1.21134352684021,-0.2782152593135834,0.003,0.0,0.0,0.0,0.0,0.0,0.0,-3.1,3.1,-1.571,1.571,-1.571,1.571,-1.745,1.745,-2.617,2.617,0.003,0.03,-0.05000000074505806,-0.02500000037252903,-0.02500000037252903,-0.02500000037252903,-0.05000000074505806,-0.0005000000237487257,0.05000000074505806,0.02500000037252903,0.02500000037252903,0.02500000037252903,0.05000000074505806,0.0005000000237487257,-0.013043584302067757,-1.1990447163116187,0.11420851221682622,0.14,0.0,0.26,-0.04324331507086754,0.06855902075767517,0.3379088342189789,0.0,-1.2247820692325528,-310.50405464872216
0.0,96.0,0.05000000074505806,0.02500000037252903,0.02500000037252903,0.02500000037252903,-0.05000000074505806,-0.0005000000237487257,-0.5627204775810242,-1.0853354930877686,1.1029194593429565,-1.21134352684021,-0.2782152593135834,0.0,-0.5127204656600952,-1.0603355169296265,1.1279194355010986,-1.1863435506820679,-0.32821527123451233,0.003,0.0,0.0,0.0,0.0,0.0,0.0,-3.1,3.1,-1.571,1.571,-1.571,1.571,-1.745,1.745,-2.617,2.617,0.003,0.03,-0.05000000074505806,-0.02500000037252903,-0.02500000037252903,-0.02500000037252903,-0.05000000074505806,-0.0005000000237487257,0.05000000074505806,0.02500000037252903,0.02500000037252903,0.02500000037252903,0.05000000074505806,0.0005000000237487257,-0.010540636256337166,-1.2095853525679559,0.1026675991669038,0.14,0.0,0.26,-0.04482113942503929,0.07962033152580261,0.3298999071121216,0.0,-2.7698191319813823,-370.8088950597191
0.0,97.0,0.05000000074505806,0.02500000037252903,-0.02500000037252903,0.02500000037252903,-0.05000000074505806,0.0005000000237487257,-0.5127204656600952,-1.0603355169296265,1.1279194355010986,-1.1863435506820679,-0.32821527123451233,0.0,-0.46272045373916626,-1.0353355407714844,1.1029194593429565,-1.1613435745239258,-0.3782152831554413,0.003,0.0,0.0,0.0,0.0,0.0,0.0,-3.1,3.1,-1.571,1.571,-1.571,1.571,-1.745,1.745,-2.617,2.617,0.003,0.03,-0.05000000074505806,-0.02500000037252903,-0.02500000037252903,-0.02500000037252903,-0.05000000074505806,-0.0005000000237487257,0.05000000074505806,0.02500000037252903,0.02500000037252903,0.02500000037252903,0.05000000074505806,0.0005000000237487257,-0.009773451834917068,-1.219358804402873,0.09886077040350696,0.14,0.0,0.26,-0.04318617284297943,0.08657292276620865,0.33109116554260254,0.0,-0.9136389032152392,445.48325490387435
0.0,98.0,0.05000000074505806,-0.02500000037252903,-0.02500000037252903,-0.02500000037252903,-0.05000000074505806,0.0005000000237487257,-0.46272045373916626,-1.0353355407714844,1.1029194593429565,-1.1613435745239258,-0.3782152831554413,0.0,-0.4127204418182373,-1.0603355169296265,1.0779194831848145,-1.1863435506820679,-0.42821529507637024,0.003,0.0,0.0,0.0,0.0,0.0,0.0,-3.1,3.1,-1.571,1.571,-1.571,1.571,-1.745,1.745,-2.617,2.617,0.003,0.03,-0.05000000074505806,-0.02500000037252903,-0.02500000037252903,-0.02500000037252903,-0.05000000074505806,-0.0005000000237487257,0.05000000074505806,0.02500000037252903,0.02500000037252903,0.02500000037252903,0.05000000074505806,0.0005000000237487257,-0.011197997257113457,-1.2305568016599864,0.10582058911812704,0.14,0.0,0.26,-0.03467981889843941,0.07920128107070923,0.3393651247024536,0.0,1.6703564915088187,620.1588947337739
0.0,99.0,0.05000000074505806,0.02500000037252903,0.02500000037252903,0.02500000037252903,0.05000000074505806,-0.0005000000237487257,-0.4127204418182373,-1.0603355169296265,1.0779194831848145,-1.1863435506820679,-0.42821529507637024,0.0,-0.36272042989730835,-1.0353355407714844,1.1029194593429565,-1.1613435745239258,-0.3782152831554413,0.003,0.0,0.0,0.0,0.0,0.0,0.0,-3.1,3.1,-1.571,1.571,-1.571,1.571,-1.745,1.745,-2.617,2.617,0.003,0.03,-0.05000000074505806,-0.02500000037252903,-0.02500000037252903,-0.02500000037252903,-0.05000000074505806,-0.0005000000237487257,0.05000000074505806,0.02500000037252903,0.02500000037252903,0.02500000037252903,0.05000000074505806,0.0005000000237487257,-0.008687354624271393,-1.2392441562842578,0.09320597826772666,0.14,0.0,0.26,-0.03432755172252655,0.09045184403657913,0.33109116554260254,1.0,-3.027506604096093,-1127.4871429451787
